config,recovery_enabled,target_non_owner_holders,task_duration_s,payload_bytes,trial,object_timeout_ms,formation_success,formation_time_s,success,replayed,executions_observed,original_producer_pid,producer_alive_after_owner_kill,kill_call_s,kill_to_replay_start_s,kill_to_result_s,dispatch_to_kill_s,dispatch_to_result_s,error_type,error_message
Enabled-1-holder,1,1,10.0,2097152,1,200,True,0.14446874900022522,False,True,2,416437,True,0.000166028,2.249218432,120.014919764,0.740334258,120.755254022,RayTaskError(GetTimeoutError),"[36mray::Borrower.read()[39m (pid=416550, ip=192.168.1.241, actor_id=023c333a42255134a0b728e201000000, repr=<local_recovery_time_benchmark_fixed_v2.Borrower object at 0x7239769ff2e0>)
  File ""/home/tejas/Downloads/ray/gossip_benchmarks/local_recovery_time_benchmark_fixed_v2.py"", line 328, in read
    return ray.get(self.ref, timeout=timeout_s)
  File ""python/ray/includes/common.pxi"", line 107, in ray._raylet.check_status
ray.exceptions.GetTimeoutError: Get timed out: some object(s) not ready."
Enabled-1-holder,1,1,10.0,2097152,2,200,True,0.13981069600049523,False,True,2,418184,True,0.000195372,2.249010152,120.014545382,0.734459109,120.749004491,RayTaskError(GetTimeoutError),"[36mray::Borrower.read()[39m (pid=418297, ip=192.168.1.241, actor_id=64286a7c86d14b1354fb058201000000, repr=<local_recovery_time_benchmark_fixed_v2.Borrower object at 0x7fa49b6fb310>)
  File ""/home/tejas/Downloads/ray/gossip_benchmarks/local_recovery_time_benchmark_fixed_v2.py"", line 328, in read
    return ray.get(self.ref, timeout=timeout_s)
  File ""python/ray/includes/common.pxi"", line 107, in ray._raylet.check_status
ray.exceptions.GetTimeoutError: Get timed out: some object(s) not ready."
Enabled-2-holders,1,2,10.0,2097152,1,200,True,0.19752847500058124,False,True,2,419912,True,0.000142434,2.249479218,120.014587682,0.792685751,120.807273433,RayTaskError(GetTimeoutError),"[36mray::Borrower.read()[39m (pid=420025, ip=192.168.1.241, actor_id=8e8cecd850929863d8a5299501000000, repr=<local_recovery_time_benchmark_fixed_v2.Borrower object at 0x7619791ff2e0>)
  File ""/home/tejas/Downloads/ray/gossip_benchmarks/local_recovery_time_benchmark_fixed_v2.py"", line 328, in read
    return ray.get(self.ref, timeout=timeout_s)
  File ""python/ray/includes/common.pxi"", line 107, in ray._raylet.check_status
ray.exceptions.GetTimeoutError: Get timed out: some object(s) not ready."
Enabled-2-holders,1,2,10.0,2097152,2,200,True,0.19759941799929948,False,True,2,421672,True,0.000166218,2.264656287,120.013445541,0.792927495,120.806373036,RayTaskError(GetTimeoutError),"[36mray::Borrower.read()[39m (pid=421784, ip=192.168.1.241, actor_id=58c36437aab90461a3ae2ba601000000, repr=<local_recovery_time_benchmark_fixed_v2.Borrower object at 0x788fc4efb2e0>)
  File ""/home/tejas/Downloads/ray/gossip_benchmarks/local_recovery_time_benchmark_fixed_v2.py"", line 328, in read
    return ray.get(self.ref, timeout=timeout_s)
  File ""python/ray/includes/common.pxi"", line 107, in ray._raylet.check_status
ray.exceptions.GetTimeoutError: Get timed out: some object(s) not ready."
Enabled-3-holders,1,3,10.0,2097152,1,200,True,0.23998965500140912,False,True,2,424555,True,0.000193758,2.253370745,120.014967984,0.835851874,120.850819858,RayTaskError(GetTimeoutError),"[36mray::Borrower.read()[39m (pid=424667, ip=192.168.1.241, actor_id=5eb400511e0de40670066a6301000000, repr=<local_recovery_time_benchmark_fixed_v2.Borrower object at 0x76c2786f7310>)
  File ""/home/tejas/Downloads/ray/gossip_benchmarks/local_recovery_time_benchmark_fixed_v2.py"", line 328, in read
    return ray.get(self.ref, timeout=timeout_s)
  File ""python/ray/includes/common.pxi"", line 107, in ray._raylet.check_status
ray.exceptions.GetTimeoutError: Get timed out: some object(s) not ready."
Enabled-3-holders,1,3,10.0,2097152,2,200,True,0.2281783450016519,False,True,2,426294,True,0.000174162,2.248839371,120.015335838,0.823879521,120.839215359,RayTaskError(GetTimeoutError),"[36mray::Borrower.read()[39m (pid=426407, ip=192.168.1.241, actor_id=07ca5b6ad8294f35d1c4970501000000, repr=<local_recovery_time_benchmark_fixed_v2.Borrower object at 0x7ef3284f72e0>)
  File ""/home/tejas/Downloads/ray/gossip_benchmarks/local_recovery_time_benchmark_fixed_v2.py"", line 328, in read
    return ray.get(self.ref, timeout=timeout_s)
  File ""python/ray/includes/common.pxi"", line 107, in ray._raylet.check_status
ray.exceptions.GetTimeoutError: Get timed out: some object(s) not ready."
Enabled-4-holders,1,4,10.0,2097152,1,200,True,0.27210463500159676,False,True,2,428090,True,0.00018388,2.250288235,120.014921411,0.868111419,120.88303283,RayTaskError(GetTimeoutError),"[36mray::Borrower.read()[39m (pid=428203, ip=192.168.1.241, actor_id=554ebb4236f08557030bd2b401000000, repr=<local_recovery_time_benchmark_fixed_v2.Borrower object at 0x7b9170507310>)
  File ""/home/tejas/Downloads/ray/gossip_benchmarks/local_recovery_time_benchmark_fixed_v2.py"", line 328, in read
    return ray.get(self.ref, timeout=timeout_s)
  File ""python/ray/includes/common.pxi"", line 107, in ray._raylet.check_status
ray.exceptions.GetTimeoutError: Get timed out: some object(s) not ready."
Enabled-4-holders,1,4,10.0,2097152,2,200,True,0.2789599370007636,False,True,2,429857,True,0.000152532,2.252375077,120.015708071,0.875531807,120.891239878,RayTaskError(GetTimeoutError),"[36mray::Borrower.read()[39m (pid=429969, ip=192.168.1.241, actor_id=86a7bd4ebae50c2e096996e301000000, repr=<local_recovery_time_benchmark_fixed_v2.Borrower object at 0x79056c3ff2e0>)
  File ""/home/tejas/Downloads/ray/gossip_benchmarks/local_recovery_time_benchmark_fixed_v2.py"", line 328, in read
    return ray.get(self.ref, timeout=timeout_s)
  File ""python/ray/includes/common.pxi"", line 107, in ray._raylet.check_status
ray.exceptions.GetTimeoutError: Get timed out: some object(s) not ready."
