repetition,run_order,config,recovery_enabled,target_non_owner_holders,payload_name,payload_bytes,inflight,warmup_seconds,duration_seconds,bucket_seconds,cluster_nodes,physical_host_mode,bucket_index,elapsed_start_s,elapsed_end_s,completed_requests,throughput_rps,latency_mean_ms,latency_p50_ms,latency_p95_ms,latency_p99_ms
0,1,Disabled,0,0,medium,65536,64,5.0,30.0,1.0,5,single_host_logical_nodes,0,0.0,1.0,1024,1024.0,59.18157756835937,59.6446575,61.21001465,61.9689325
0,1,Disabled,0,0,medium,65536,64,5.0,30.0,1.0,5,single_host_logical_nodes,1,1.0,2.0,1088,1088.0,60.59165167371324,60.530619,66.6592836,67.14273879000001
0,1,Disabled,0,0,medium,65536,64,5.0,30.0,1.0,5,single_host_logical_nodes,2,2.0,3.0,1024,1024.0,61.95002859179687,60.9850545,67.90637539999999,68.30565808
0,1,Disabled,0,0,medium,65536,64,5.0,30.0,1.0,5,single_host_logical_nodes,3,3.0,4.0,1024,1024.0,60.579868044921874,60.677432499999995,64.52364965,65.40228196
0,1,Disabled,0,0,medium,65536,64,5.0,30.0,1.0,5,single_host_logical_nodes,4,4.0,5.0,1088,1088.0,61.142461133272064,61.5036925,63.82638975,66.29106322999999
0,1,Disabled,0,0,medium,65536,64,5.0,30.0,1.0,5,single_host_logical_nodes,5,5.0,6.0,1024,1024.0,61.5143550859375,61.212944500000006,66.50047735,70.18756429999999
0,1,Disabled,0,0,medium,65536,64,5.0,30.0,1.0,5,single_host_logical_nodes,6,6.0,7.0,1024,1024.0,61.25357156152344,60.707236,65.67462275,66.72031829999999
0,1,Disabled,0,0,medium,65536,64,5.0,30.0,1.0,5,single_host_logical_nodes,7,7.0,8.0,1088,1088.0,61.44952645955882,61.077213,69.15517804999999,70.35649805999999
0,1,Disabled,0,0,medium,65536,64,5.0,30.0,1.0,5,single_host_logical_nodes,8,8.0,9.0,1024,1024.0,61.8869052734375,61.7409995,67.1718852,67.34417828
0,1,Disabled,0,0,medium,65536,64,5.0,30.0,1.0,5,single_host_logical_nodes,9,9.0,10.0,1024,1024.0,60.47865851464844,60.450357499999996,65.69409335,66.31789117
0,1,Disabled,0,0,medium,65536,64,5.0,30.0,1.0,5,single_host_logical_nodes,10,10.0,11.0,1088,1088.0,60.19758311305147,60.323498,63.4757422,64.36811793
0,1,Disabled,0,0,medium,65536,64,5.0,30.0,1.0,5,single_host_logical_nodes,11,11.0,12.0,1024,1024.0,61.342315232421875,61.3788355,67.08374869999997,68.9135378
0,1,Disabled,0,0,medium,65536,64,5.0,30.0,1.0,5,single_host_logical_nodes,12,12.0,13.0,1057,1057.0,61.3954559782403,61.323784,64.1778132,66.21033320000001
0,1,Disabled,0,0,medium,65536,64,5.0,30.0,1.0,5,single_host_logical_nodes,13,13.0,14.0,1055,1055.0,61.35027088341232,60.992004,66.5544314,67.22547761999999
0,1,Disabled,0,0,medium,65536,64,5.0,30.0,1.0,5,single_host_logical_nodes,14,14.0,15.0,1024,1024.0,61.17310316796875,60.6974895,67.87647595,69.45191817
0,1,Disabled,0,0,medium,65536,64,5.0,30.0,1.0,5,single_host_logical_nodes,15,15.0,16.0,1077,1077.0,60.94319927669452,60.885222,63.9012386,64.34213012
0,1,Disabled,0,0,medium,65536,64,5.0,30.0,1.0,5,single_host_logical_nodes,16,16.0,17.0,1035,1035.0,61.25246831400966,61.187357,64.4781242,64.66155628
0,1,Disabled,0,0,medium,65536,64,5.0,30.0,1.0,5,single_host_logical_nodes,17,17.0,18.0,1024,1024.0,61.066333561523436,60.4639255,66.33625865,66.77974912
0,1,Disabled,0,0,medium,65536,64,5.0,30.0,1.0,5,single_host_logical_nodes,18,18.0,19.0,1024,1024.0,61.9573878125,62.1764175,67.00021315,68.17467915
0,1,Disabled,0,0,medium,65536,64,5.0,30.0,1.0,5,single_host_logical_nodes,19,19.0,20.0,1076,1076.0,61.84501808828997,61.740059,66.79591375,68.02766125000001
0,1,Disabled,0,0,medium,65536,64,5.0,30.0,1.0,5,single_host_logical_nodes,20,20.0,21.0,1036,1036.0,61.761917104247104,61.5499855,64.76241974999999,65.11526020000001
0,1,Disabled,0,0,medium,65536,64,5.0,30.0,1.0,5,single_host_logical_nodes,21,21.0,22.0,1024,1024.0,62.271790735351566,61.3834605,67.2692536,67.88781359000001
0,1,Disabled,0,0,medium,65536,64,5.0,30.0,1.0,5,single_host_logical_nodes,22,22.0,23.0,1024,1024.0,62.064310908203126,61.986053,67.64148180000001,68.23066883
0,1,Disabled,0,0,medium,65536,64,5.0,30.0,1.0,5,single_host_logical_nodes,23,23.0,24.0,1024,1024.0,61.36962371679687,61.564493,63.49922144999999,64.34424548999999
0,1,Disabled,0,0,medium,65536,64,5.0,30.0,1.0,5,single_host_logical_nodes,24,24.0,25.0,1025,1025.0,61.83838105170732,61.707366,65.4728172,66.47080276
0,1,Disabled,0,0,medium,65536,64,5.0,30.0,1.0,5,single_host_logical_nodes,25,25.0,26.0,1056,1056.0,62.02534900473485,62.1398575,67.33610825,67.78153785
0,1,Disabled,0,0,medium,65536,64,5.0,30.0,1.0,5,single_host_logical_nodes,26,26.0,27.0,1054,1054.0,62.057743293168876,62.1943675,66.41420445,67.34069343
0,1,Disabled,0,0,medium,65536,64,5.0,30.0,1.0,5,single_host_logical_nodes,27,27.0,28.0,1025,1025.0,61.35897979317073,61.274363,64.87500920000001,65.62053288
0,1,Disabled,0,0,medium,65536,64,5.0,30.0,1.0,5,single_host_logical_nodes,28,28.0,29.0,1024,1024.0,62.42487127441406,61.7328755,71.16501315,72.35046889
0,1,Disabled,0,0,medium,65536,64,5.0,30.0,1.0,5,single_host_logical_nodes,29,29.0,30.0,1024,1024.0,62.4432654140625,62.24135,71.47970175,72.23483721
0,2,Enabled-1-holder,1,1,small,1024,64,5.0,30.0,1.0,5,single_host_logical_nodes,0,0.0,1.0,832,832.0,73.46400862740384,72.638581,82.5890623,86.08409157999999
0,2,Enabled-1-holder,1,1,small,1024,64,5.0,30.0,1.0,5,single_host_logical_nodes,1,1.0,2.0,853,853.0,73.47859489097303,73.208902,85.81473419999999,89.71216104
0,2,Enabled-1-holder,1,1,small,1024,64,5.0,30.0,1.0,5,single_host_logical_nodes,2,2.0,3.0,875,875.0,72.79724067542857,71.896806,85.1449883,86.87071214
0,2,Enabled-1-holder,1,1,small,1024,64,5.0,30.0,1.0,5,single_host_logical_nodes,3,3.0,4.0,887,887.0,73.84816438669674,72.390747,87.6145178,88.34875486
0,2,Enabled-1-holder,1,1,small,1024,64,5.0,30.0,1.0,5,single_host_logical_nodes,4,4.0,5.0,877,877.0,72.1855686704675,71.405345,81.37369679999999,86.5838352
0,2,Enabled-1-holder,1,1,small,1024,64,5.0,30.0,1.0,5,single_host_logical_nodes,5,5.0,6.0,860,860.0,73.98632669767443,73.0000115,85.40016345000001,87.2161608
0,2,Enabled-1-holder,1,1,small,1024,64,5.0,30.0,1.0,5,single_host_logical_nodes,6,6.0,7.0,881,881.0,73.51971937911465,73.120063,78.615939,81.5499916
0,2,Enabled-1-holder,1,1,small,1024,64,5.0,30.0,1.0,5,single_host_logical_nodes,7,7.0,8.0,848,848.0,73.5969978879717,72.935132,81.4478391,83.85757436
0,2,Enabled-1-holder,1,1,small,1024,64,5.0,30.0,1.0,5,single_host_logical_nodes,8,8.0,9.0,895,895.0,73.71167589273743,72.382925,84.4879104,88.1316649
0,2,Enabled-1-holder,1,1,small,1024,64,5.0,30.0,1.0,5,single_host_logical_nodes,9,9.0,10.0,843,843.0,73.81387104863582,72.504242,82.6578414,86.74975742000001
0,2,Enabled-1-holder,1,1,small,1024,64,5.0,30.0,1.0,5,single_host_logical_nodes,10,10.0,11.0,885,885.0,73.26502313446328,72.775462,83.9861938,86.26162196000001
0,2,Enabled-1-holder,1,1,small,1024,64,5.0,30.0,1.0,5,single_host_logical_nodes,11,11.0,12.0,834,834.0,75.49317235731415,72.90795700000001,105.00704625,107.79128054
0,2,Enabled-1-holder,1,1,small,1024,64,5.0,30.0,1.0,5,single_host_logical_nodes,12,12.0,13.0,873,873.0,74.82581918556701,73.574579,84.32138319999999,87.79888292
0,2,Enabled-1-holder,1,1,small,1024,64,5.0,30.0,1.0,5,single_host_logical_nodes,13,13.0,14.0,853,853.0,74.36456318288394,73.941544,81.9780446,86.85493748
0,2,Enabled-1-holder,1,1,small,1024,64,5.0,30.0,1.0,5,single_host_logical_nodes,14,14.0,15.0,889,889.0,73.19682699887514,72.927684,78.8872636,79.45317448
0,2,Enabled-1-holder,1,1,small,1024,64,5.0,30.0,1.0,5,single_host_logical_nodes,15,15.0,16.0,858,858.0,72.9985973053613,72.87668,77.5032969,79.86984894999999
0,2,Enabled-1-holder,1,1,small,1024,64,5.0,30.0,1.0,5,single_host_logical_nodes,16,16.0,17.0,877,877.0,74.05575255416191,73.553872,79.3098744,80.82302068
0,2,Enabled-1-holder,1,1,small,1024,64,5.0,30.0,1.0,5,single_host_logical_nodes,17,17.0,18.0,837,837.0,74.58709624731182,74.430903,78.1882694,83.73781768
0,2,Enabled-1-holder,1,1,small,1024,64,5.0,30.0,1.0,5,single_host_logical_nodes,18,18.0,19.0,870,870.0,75.01858142873563,74.847005,80.08101185,81.11698464999999
0,2,Enabled-1-holder,1,1,small,1024,64,5.0,30.0,1.0,5,single_host_logical_nodes,19,19.0,20.0,853,853.0,73.51793681008206,73.052746,77.705361,83.4873426
0,2,Enabled-1-holder,1,1,small,1024,64,5.0,30.0,1.0,5,single_host_logical_nodes,20,20.0,21.0,880,880.0,74.59425042954545,73.6977415,85.0269843,87.94148932
0,2,Enabled-1-holder,1,1,small,1024,64,5.0,30.0,1.0,5,single_host_logical_nodes,21,21.0,22.0,848,848.0,74.59366761320754,73.8612625,83.79769175,85.01446512999999
0,2,Enabled-1-holder,1,1,small,1024,64,5.0,30.0,1.0,5,single_host_logical_nodes,22,22.0,23.0,896,896.0,72.90741769308036,71.837334,80.52172300000001,80.91647235
0,2,Enabled-1-holder,1,1,small,1024,64,5.0,30.0,1.0,5,single_host_logical_nodes,23,23.0,24.0,832,832.0,75.61482761658654,75.1267665,85.62904605,90.56953462000001
0,2,Enabled-1-holder,1,1,small,1024,64,5.0,30.0,1.0,5,single_host_logical_nodes,24,24.0,25.0,850,850.0,74.77374763058823,73.97170700000001,85.86790024999999,90.61856015999999
0,2,Enabled-1-holder,1,1,small,1024,64,5.0,30.0,1.0,5,single_host_logical_nodes,25,25.0,26.0,878,878.0,74.59048027904328,73.25193949999999,83.83800554999999,87.10182012
0,2,Enabled-1-holder,1,1,small,1024,64,5.0,30.0,1.0,5,single_host_logical_nodes,26,26.0,27.0,832,832.0,75.06016847836538,73.14620450000001,87.4503272,89.7970771
0,2,Enabled-1-holder,1,1,small,1024,64,5.0,30.0,1.0,5,single_host_logical_nodes,27,27.0,28.0,857,857.0,75.00295703967328,73.862919,86.57483359999999,88.98527776
0,2,Enabled-1-holder,1,1,small,1024,64,5.0,30.0,1.0,5,single_host_logical_nodes,28,28.0,29.0,807,807.0,80.0373974188352,74.192346,140.6956879,144.14476756
0,2,Enabled-1-holder,1,1,small,1024,64,5.0,30.0,1.0,5,single_host_logical_nodes,29,29.0,30.0,832,832.0,76.92813021153846,75.144609,90.2112442,91.5768037
0,3,Enabled-2-holders,1,2,very-big,8388608,64,5.0,30.0,1.0,5,single_host_logical_nodes,0,0.0,1.0,11,11.0,372.071954,362.767045,418.9068895,460.8057195
0,3,Enabled-2-holders,1,2,very-big,8388608,64,5.0,30.0,1.0,5,single_host_logical_nodes,1,1.0,2.0,0,0.0,nan,nan,nan,nan
0,3,Enabled-2-holders,1,2,very-big,8388608,64,5.0,30.0,1.0,5,single_host_logical_nodes,2,2.0,3.0,0,0.0,nan,nan,nan,nan
0,3,Enabled-2-holders,1,2,very-big,8388608,64,5.0,30.0,1.0,5,single_host_logical_nodes,3,3.0,4.0,0,0.0,nan,nan,nan,nan
0,3,Enabled-2-holders,1,2,very-big,8388608,64,5.0,30.0,1.0,5,single_host_logical_nodes,4,4.0,5.0,0,0.0,nan,nan,nan,nan
0,3,Enabled-2-holders,1,2,very-big,8388608,64,5.0,30.0,1.0,5,single_host_logical_nodes,5,5.0,6.0,0,0.0,nan,nan,nan,nan
0,3,Enabled-2-holders,1,2,very-big,8388608,64,5.0,30.0,1.0,5,single_host_logical_nodes,6,6.0,7.0,0,0.0,nan,nan,nan,nan
0,3,Enabled-2-holders,1,2,very-big,8388608,64,5.0,30.0,1.0,5,single_host_logical_nodes,7,7.0,8.0,0,0.0,nan,nan,nan,nan
0,3,Enabled-2-holders,1,2,very-big,8388608,64,5.0,30.0,1.0,5,single_host_logical_nodes,8,8.0,9.0,0,0.0,nan,nan,nan,nan
0,3,Enabled-2-holders,1,2,very-big,8388608,64,5.0,30.0,1.0,5,single_host_logical_nodes,9,9.0,10.0,0,0.0,nan,nan,nan,nan
0,3,Enabled-2-holders,1,2,very-big,8388608,64,5.0,30.0,1.0,5,single_host_logical_nodes,10,10.0,11.0,56,56.0,10657.672513785714,10641.670549499999,10860.45906025,10862.53167415
0,3,Enabled-2-holders,1,2,very-big,8388608,64,5.0,30.0,1.0,5,single_host_logical_nodes,11,11.0,12.0,27,27.0,3571.877417962963,615.120281,10654.682539099998,10655.24164284
0,3,Enabled-2-holders,1,2,very-big,8388608,64,5.0,30.0,1.0,5,single_host_logical_nodes,12,12.0,13.0,0,0.0,nan,nan,nan,nan
0,3,Enabled-2-holders,1,2,very-big,8388608,64,5.0,30.0,1.0,5,single_host_logical_nodes,13,13.0,14.0,0,0.0,nan,nan,nan,nan
0,3,Enabled-2-holders,1,2,very-big,8388608,64,5.0,30.0,1.0,5,single_host_logical_nodes,14,14.0,15.0,0,0.0,nan,nan,nan,nan
0,3,Enabled-2-holders,1,2,very-big,8388608,64,5.0,30.0,1.0,5,single_host_logical_nodes,15,15.0,16.0,0,0.0,nan,nan,nan,nan
0,3,Enabled-2-holders,1,2,very-big,8388608,64,5.0,30.0,1.0,5,single_host_logical_nodes,16,16.0,17.0,0,0.0,nan,nan,nan,nan
0,3,Enabled-2-holders,1,2,very-big,8388608,64,5.0,30.0,1.0,5,single_host_logical_nodes,17,17.0,18.0,0,0.0,nan,nan,nan,nan
0,3,Enabled-2-holders,1,2,very-big,8388608,64,5.0,30.0,1.0,5,single_host_logical_nodes,18,18.0,19.0,0,0.0,nan,nan,nan,nan
0,3,Enabled-2-holders,1,2,very-big,8388608,64,5.0,30.0,1.0,5,single_host_logical_nodes,19,19.0,20.0,0,0.0,nan,nan,nan,nan
0,3,Enabled-2-holders,1,2,very-big,8388608,64,5.0,30.0,1.0,5,single_host_logical_nodes,20,20.0,21.0,0,0.0,nan,nan,nan,nan
0,3,Enabled-2-holders,1,2,very-big,8388608,64,5.0,30.0,1.0,5,single_host_logical_nodes,21,21.0,22.0,83,83.0,8323.145143361446,10565.087954,10674.8808433,10675.94597324
0,3,Enabled-2-holders,1,2,very-big,8388608,64,5.0,30.0,1.0,5,single_host_logical_nodes,22,22.0,23.0,70,70.0,760.6469951428571,765.6922055,876.6315941,909.4374583700003
0,3,Enabled-2-holders,1,2,very-big,8388608,64,5.0,30.0,1.0,5,single_host_logical_nodes,23,23.0,24.0,69,69.0,937.8063767971014,982.412654,988.6650466,991.14136672
0,3,Enabled-2-holders,1,2,very-big,8388608,64,5.0,30.0,1.0,5,single_host_logical_nodes,24,24.0,25.0,68,68.0,914.6903727058824,879.3771300000001,987.0771384500001,988.2888613099999
0,3,Enabled-2-holders,1,2,very-big,8388608,64,5.0,30.0,1.0,5,single_host_logical_nodes,25,25.0,26.0,68,68.0,926.8471472941176,972.3618805,982.39824515,984.2393118800001
0,3,Enabled-2-holders,1,2,very-big,8388608,64,5.0,30.0,1.0,5,single_host_logical_nodes,26,26.0,27.0,70,70.0,917.9250657857143,874.3505339999999,980.4254373,981.80916864
0,3,Enabled-2-holders,1,2,very-big,8388608,64,5.0,30.0,1.0,5,single_host_logical_nodes,27,27.0,28.0,63,63.0,940.2669953968255,974.610755,991.9548234,994.4868053
0,3,Enabled-2-holders,1,2,very-big,8388608,64,5.0,30.0,1.0,5,single_host_logical_nodes,28,28.0,29.0,5,5.0,1011.65182,990.988353,1076.2447106,1093.13737812
0,3,Enabled-2-holders,1,2,very-big,8388608,64,5.0,30.0,1.0,5,single_host_logical_nodes,29,29.0,30.0,0,0.0,nan,nan,nan,nan
0,4,Enabled-2-holders,1,2,big,2097152,64,5.0,30.0,1.0,5,single_host_logical_nodes,0,0.0,1.0,128,128.0,380.445104328125,357.809761,464.4433098,465.23170918999995
0,4,Enabled-2-holders,1,2,big,2097152,64,5.0,30.0,1.0,5,single_host_logical_nodes,1,1.0,2.0,191,191.0,349.4698173298429,346.483909,353.7318745,444.79592049999997
0,4,Enabled-2-holders,1,2,big,2097152,64,5.0,30.0,1.0,5,single_host_logical_nodes,2,2.0,3.0,192,192.0,345.2241598645833,345.471045,350.93387830000006,351.62061688000006
0,4,Enabled-2-holders,1,2,big,2097152,64,5.0,30.0,1.0,5,single_host_logical_nodes,3,3.0,4.0,192,192.0,345.25619077083337,344.08196250000003,352.81654034999997,355.04377488999995
0,4,Enabled-2-holders,1,2,big,2097152,64,5.0,30.0,1.0,5,single_host_logical_nodes,4,4.0,5.0,167,167.0,355.7153409281437,350.30638,440.52212799999995,453.17998936
0,4,Enabled-2-holders,1,2,big,2097152,64,5.0,30.0,1.0,5,single_host_logical_nodes,5,5.0,6.0,209,209.0,330.3180637272728,326.824973,346.39170440000004,346.7090390000001
0,4,Enabled-2-holders,1,2,big,2097152,64,5.0,30.0,1.0,5,single_host_logical_nodes,6,6.0,7.0,12,12.0,335.9480084166667,331.172431,350.3834462,350.40190684
0,4,Enabled-2-holders,1,2,big,2097152,64,5.0,30.0,1.0,5,single_host_logical_nodes,7,7.0,8.0,0,0.0,nan,nan,nan,nan
0,4,Enabled-2-holders,1,2,big,2097152,64,5.0,30.0,1.0,5,single_host_logical_nodes,8,8.0,9.0,0,0.0,nan,nan,nan,nan
0,4,Enabled-2-holders,1,2,big,2097152,64,5.0,30.0,1.0,5,single_host_logical_nodes,9,9.0,10.0,0,0.0,nan,nan,nan,nan
0,4,Enabled-2-holders,1,2,big,2097152,64,5.0,30.0,1.0,5,single_host_logical_nodes,10,10.0,11.0,0,0.0,nan,nan,nan,nan
0,4,Enabled-2-holders,1,2,big,2097152,64,5.0,30.0,1.0,5,single_host_logical_nodes,11,11.0,12.0,0,0.0,nan,nan,nan,nan
0,4,Enabled-2-holders,1,2,big,2097152,64,5.0,30.0,1.0,5,single_host_logical_nodes,12,12.0,13.0,0,0.0,nan,nan,nan,nan
0,4,Enabled-2-holders,1,2,big,2097152,64,5.0,30.0,1.0,5,single_host_logical_nodes,13,13.0,14.0,0,0.0,nan,nan,nan,nan
0,4,Enabled-2-holders,1,2,big,2097152,64,5.0,30.0,1.0,5,single_host_logical_nodes,14,14.0,15.0,0,0.0,nan,nan,nan,nan
0,4,Enabled-2-holders,1,2,big,2097152,64,5.0,30.0,1.0,5,single_host_logical_nodes,15,15.0,16.0,0,0.0,nan,nan,nan,nan
0,4,Enabled-2-holders,1,2,big,2097152,64,5.0,30.0,1.0,5,single_host_logical_nodes,16,16.0,17.0,149,149.0,4666.395217214765,376.38603,10398.5518682,10472.66894676
0,4,Enabled-2-holders,1,2,big,2097152,64,5.0,30.0,1.0,5,single_host_logical_nodes,17,17.0,18.0,171,171.0,359.08774520467836,356.956061,365.1480275,396.86774330000105
0,4,Enabled-2-holders,1,2,big,2097152,64,5.0,30.0,1.0,5,single_host_logical_nodes,18,18.0,19.0,192,192.0,350.91453008854165,350.908587,358.1204737,359.22747445
0,4,Enabled-2-holders,1,2,big,2097152,64,5.0,30.0,1.0,5,single_host_logical_nodes,19,19.0,20.0,183,183.0,342.431486726776,343.311555,346.24480090000003,346.5011312
0,4,Enabled-2-holders,1,2,big,2097152,64,5.0,30.0,1.0,5,single_host_logical_nodes,20,20.0,21.0,192,192.0,344.237427234375,344.816852,351.5322199,352.59406672
0,4,Enabled-2-holders,1,2,big,2097152,64,5.0,30.0,1.0,5,single_host_logical_nodes,21,21.0,22.0,17,17.0,349.66153552941176,344.963092,355.6048646,355.60778172
0,4,Enabled-2-holders,1,2,big,2097152,64,5.0,30.0,1.0,5,single_host_logical_nodes,22,22.0,23.0,0,0.0,nan,nan,nan,nan
0,4,Enabled-2-holders,1,2,big,2097152,64,5.0,30.0,1.0,5,single_host_logical_nodes,23,23.0,24.0,0,0.0,nan,nan,nan,nan
0,4,Enabled-2-holders,1,2,big,2097152,64,5.0,30.0,1.0,5,single_host_logical_nodes,24,24.0,25.0,0,0.0,nan,nan,nan,nan
0,4,Enabled-2-holders,1,2,big,2097152,64,5.0,30.0,1.0,5,single_host_logical_nodes,25,25.0,26.0,0,0.0,nan,nan,nan,nan
0,4,Enabled-2-holders,1,2,big,2097152,64,5.0,30.0,1.0,5,single_host_logical_nodes,26,26.0,27.0,0,0.0,nan,nan,nan,nan
0,4,Enabled-2-holders,1,2,big,2097152,64,5.0,30.0,1.0,5,single_host_logical_nodes,27,27.0,28.0,0,0.0,nan,nan,nan,nan
0,4,Enabled-2-holders,1,2,big,2097152,64,5.0,30.0,1.0,5,single_host_logical_nodes,28,28.0,29.0,0,0.0,nan,nan,nan,nan
0,4,Enabled-2-holders,1,2,big,2097152,64,5.0,30.0,1.0,5,single_host_logical_nodes,29,29.0,30.0,0,0.0,nan,nan,nan,nan
0,5,Enabled-2-holders,1,2,small,1024,64,5.0,30.0,1.0,5,single_host_logical_nodes,0,0.0,1.0,768,768.0,76.87778674348958,76.73386350000001,86.8793127,91.59222285000001
0,5,Enabled-2-holders,1,2,small,1024,64,5.0,30.0,1.0,5,single_host_logical_nodes,1,1.0,2.0,873,873.0,74.90162100114547,73.815986,83.507214,86.38315460000001
0,5,Enabled-2-holders,1,2,small,1024,64,5.0,30.0,1.0,5,single_host_logical_nodes,2,2.0,3.0,855,855.0,75.42379326549708,74.855762,84.30904659999999,86.11005284000001
0,5,Enabled-2-holders,1,2,small,1024,64,5.0,30.0,1.0,5,single_host_logical_nodes,3,3.0,4.0,832,832.0,76.921284,76.70412999999999,84.03317479999998,87.37186242
0,5,Enabled-2-holders,1,2,small,1024,64,5.0,30.0,1.0,5,single_host_logical_nodes,4,4.0,5.0,832,832.0,76.84188913822115,75.5518985,90.71017774999999,96.05797269
0,5,Enabled-2-holders,1,2,small,1024,64,5.0,30.0,1.0,5,single_host_logical_nodes,5,5.0,6.0,843,843.0,74.18888393594307,73.217784,81.7428232,84.5103944
0,5,Enabled-2-holders,1,2,small,1024,64,5.0,30.0,1.0,5,single_host_logical_nodes,6,6.0,7.0,851,851.0,75.95165926909519,75.041319,84.8578325,86.518081
0,5,Enabled-2-holders,1,2,small,1024,64,5.0,30.0,1.0,5,single_host_logical_nodes,7,7.0,8.0,850,850.0,76.10719398705882,74.94273899999999,82.47307735,85.0663905
0,5,Enabled-2-holders,1,2,small,1024,64,5.0,30.0,1.0,5,single_host_logical_nodes,8,8.0,9.0,848,848.0,75.1188430625,74.5288075,82.18735939999999,83.44113372
0,5,Enabled-2-holders,1,2,small,1024,64,5.0,30.0,1.0,5,single_host_logical_nodes,9,9.0,10.0,832,832.0,75.80110615504807,75.165659,85.33016725,86.05169830999999
0,5,Enabled-2-holders,1,2,small,1024,64,5.0,30.0,1.0,5,single_host_logical_nodes,10,10.0,11.0,832,832.0,76.28537827884615,75.6800875,86.27183549999998,93.11485260999999
0,5,Enabled-2-holders,1,2,small,1024,64,5.0,30.0,1.0,5,single_host_logical_nodes,11,11.0,12.0,832,832.0,76.76211577283654,75.79076549999999,84.29687005,86.69308444
0,5,Enabled-2-holders,1,2,small,1024,64,5.0,30.0,1.0,5,single_host_logical_nodes,12,12.0,13.0,832,832.0,79.23259252764423,77.13292899999999,90.9862972,92.98774148
0,5,Enabled-2-holders,1,2,small,1024,64,5.0,30.0,1.0,5,single_host_logical_nodes,13,13.0,14.0,832,832.0,76.70288428004808,74.809627,89.09255865,89.43554401
0,5,Enabled-2-holders,1,2,small,1024,64,5.0,30.0,1.0,5,single_host_logical_nodes,14,14.0,15.0,832,832.0,76.07417798798078,74.168606,90.97967925,92.23648406
0,5,Enabled-2-holders,1,2,small,1024,64,5.0,30.0,1.0,5,single_host_logical_nodes,15,15.0,16.0,832,832.0,76.45396803846154,75.0874115,84.31719214999998,88.78352921
0,5,Enabled-2-holders,1,2,small,1024,64,5.0,30.0,1.0,5,single_host_logical_nodes,16,16.0,17.0,843,843.0,75.3380790688019,74.230658,82.15710410000001,83.78080351999999
0,5,Enabled-2-holders,1,2,small,1024,64,5.0,30.0,1.0,5,single_host_logical_nodes,17,17.0,18.0,834,834.0,76.0905754472422,75.2913505,81.51170285,92.03305993
0,5,Enabled-2-holders,1,2,small,1024,64,5.0,30.0,1.0,5,single_host_logical_nodes,18,18.0,19.0,839,839.0,77.12310171632896,76.647403,93.26242339999997,94.79012994000001
0,5,Enabled-2-holders,1,2,small,1024,64,5.0,30.0,1.0,5,single_host_logical_nodes,19,19.0,20.0,842,842.0,76.76188068408551,75.11872,87.7073621,89.49917153999999
0,5,Enabled-2-holders,1,2,small,1024,64,5.0,30.0,1.0,5,single_host_logical_nodes,20,20.0,21.0,841,841.0,76.74316013674198,75.657223,84.41611,85.1282638
0,5,Enabled-2-holders,1,2,small,1024,64,5.0,30.0,1.0,5,single_host_logical_nodes,21,21.0,22.0,818,818.0,77.41790626528118,75.9016015,92.4544396,97.00709033
0,5,Enabled-2-holders,1,2,small,1024,64,5.0,30.0,1.0,5,single_host_logical_nodes,22,22.0,23.0,824,824.0,77.38088543082524,76.3436715,86.39090745,88.62383329
0,5,Enabled-2-holders,1,2,small,1024,64,5.0,30.0,1.0,5,single_host_logical_nodes,23,23.0,24.0,826,826.0,77.20562810895883,75.376762,94.21974625,94.78833974999999
0,5,Enabled-2-holders,1,2,small,1024,64,5.0,30.0,1.0,5,single_host_logical_nodes,24,24.0,25.0,821,821.0,77.88233424238733,75.564841,89.73027,92.35181800000001
0,5,Enabled-2-holders,1,2,small,1024,64,5.0,30.0,1.0,5,single_host_logical_nodes,25,25.0,26.0,832,832.0,77.67320735096153,75.99479199999999,94.0423737,95.45837488
0,5,Enabled-2-holders,1,2,small,1024,64,5.0,30.0,1.0,5,single_host_logical_nodes,26,26.0,27.0,832,832.0,77.24092593149038,75.11694349999999,90.04345519999997,94.01325113999997
0,5,Enabled-2-holders,1,2,small,1024,64,5.0,30.0,1.0,5,single_host_logical_nodes,27,27.0,28.0,832,832.0,77.17193908533653,75.82006150000001,94.85393355,95.96527392000002
0,5,Enabled-2-holders,1,2,small,1024,64,5.0,30.0,1.0,5,single_host_logical_nodes,28,28.0,29.0,832,832.0,77.89932175721154,76.87330800000001,89.259002,94.33882851
0,5,Enabled-2-holders,1,2,small,1024,64,5.0,30.0,1.0,5,single_host_logical_nodes,29,29.0,30.0,768,768.0,83.1136781328125,77.9049,123.3797979,128.48598542000002
0,6,Enabled-3-holders,1,3,very-big,8388608,64,5.0,30.0,1.0,5,single_host_logical_nodes,0,0.0,1.0,14,14.0,362.5691021428571,355.25426849999997,392.98082944999993,446.6229722899999
0,6,Enabled-3-holders,1,3,very-big,8388608,64,5.0,30.0,1.0,5,single_host_logical_nodes,1,1.0,2.0,0,0.0,nan,nan,nan,nan
0,6,Enabled-3-holders,1,3,very-big,8388608,64,5.0,30.0,1.0,5,single_host_logical_nodes,2,2.0,3.0,0,0.0,nan,nan,nan,nan
0,6,Enabled-3-holders,1,3,very-big,8388608,64,5.0,30.0,1.0,5,single_host_logical_nodes,3,3.0,4.0,0,0.0,nan,nan,nan,nan
0,6,Enabled-3-holders,1,3,very-big,8388608,64,5.0,30.0,1.0,5,single_host_logical_nodes,4,4.0,5.0,0,0.0,nan,nan,nan,nan
0,6,Enabled-3-holders,1,3,very-big,8388608,64,5.0,30.0,1.0,5,single_host_logical_nodes,5,5.0,6.0,0,0.0,nan,nan,nan,nan
0,6,Enabled-3-holders,1,3,very-big,8388608,64,5.0,30.0,1.0,5,single_host_logical_nodes,6,6.0,7.0,0,0.0,nan,nan,nan,nan
0,6,Enabled-3-holders,1,3,very-big,8388608,64,5.0,30.0,1.0,5,single_host_logical_nodes,7,7.0,8.0,0,0.0,nan,nan,nan,nan
0,6,Enabled-3-holders,1,3,very-big,8388608,64,5.0,30.0,1.0,5,single_host_logical_nodes,8,8.0,9.0,0,0.0,nan,nan,nan,nan
0,6,Enabled-3-holders,1,3,very-big,8388608,64,5.0,30.0,1.0,5,single_host_logical_nodes,9,9.0,10.0,0,0.0,nan,nan,nan,nan
0,6,Enabled-3-holders,1,3,very-big,8388608,64,5.0,30.0,1.0,5,single_host_logical_nodes,10,10.0,11.0,50,50.0,10678.174218639999,10647.6289565,10891.45073345,10892.826054140001
0,6,Enabled-3-holders,1,3,very-big,8388608,64,5.0,30.0,1.0,5,single_host_logical_nodes,11,11.0,12.0,31,31.0,5236.153373354839,771.305073,10708.9030805,10783.201229000002
0,6,Enabled-3-holders,1,3,very-big,8388608,64,5.0,30.0,1.0,5,single_host_logical_nodes,12,12.0,13.0,0,0.0,nan,nan,nan,nan
0,6,Enabled-3-holders,1,3,very-big,8388608,64,5.0,30.0,1.0,5,single_host_logical_nodes,13,13.0,14.0,0,0.0,nan,nan,nan,nan
0,6,Enabled-3-holders,1,3,very-big,8388608,64,5.0,30.0,1.0,5,single_host_logical_nodes,14,14.0,15.0,0,0.0,nan,nan,nan,nan
0,6,Enabled-3-holders,1,3,very-big,8388608,64,5.0,30.0,1.0,5,single_host_logical_nodes,15,15.0,16.0,0,0.0,nan,nan,nan,nan
0,6,Enabled-3-holders,1,3,very-big,8388608,64,5.0,30.0,1.0,5,single_host_logical_nodes,16,16.0,17.0,0,0.0,nan,nan,nan,nan
0,6,Enabled-3-holders,1,3,very-big,8388608,64,5.0,30.0,1.0,5,single_host_logical_nodes,17,17.0,18.0,0,0.0,nan,nan,nan,nan
0,6,Enabled-3-holders,1,3,very-big,8388608,64,5.0,30.0,1.0,5,single_host_logical_nodes,18,18.0,19.0,0,0.0,nan,nan,nan,nan
0,6,Enabled-3-holders,1,3,very-big,8388608,64,5.0,30.0,1.0,5,single_host_logical_nodes,19,19.0,20.0,0,0.0,nan,nan,nan,nan
0,6,Enabled-3-holders,1,3,very-big,8388608,64,5.0,30.0,1.0,5,single_host_logical_nodes,20,20.0,21.0,0,0.0,nan,nan,nan,nan
0,6,Enabled-3-holders,1,3,very-big,8388608,64,5.0,30.0,1.0,5,single_host_logical_nodes,21,21.0,22.0,85,85.0,8101.530999199999,10553.522462,10696.252175,10699.45536736
0,6,Enabled-3-holders,1,3,very-big,8388608,64,5.0,30.0,1.0,5,single_host_logical_nodes,22,22.0,23.0,1,1.0,514.216764,514.216764,514.216764,514.216764
0,6,Enabled-3-holders,1,3,very-big,8388608,64,5.0,30.0,1.0,5,single_host_logical_nodes,23,23.0,24.0,0,0.0,nan,nan,nan,nan
0,6,Enabled-3-holders,1,3,very-big,8388608,64,5.0,30.0,1.0,5,single_host_logical_nodes,24,24.0,25.0,0,0.0,nan,nan,nan,nan
0,6,Enabled-3-holders,1,3,very-big,8388608,64,5.0,30.0,1.0,5,single_host_logical_nodes,25,25.0,26.0,0,0.0,nan,nan,nan,nan
0,6,Enabled-3-holders,1,3,very-big,8388608,64,5.0,30.0,1.0,5,single_host_logical_nodes,26,26.0,27.0,0,0.0,nan,nan,nan,nan
0,6,Enabled-3-holders,1,3,very-big,8388608,64,5.0,30.0,1.0,5,single_host_logical_nodes,27,27.0,28.0,0,0.0,nan,nan,nan,nan
0,6,Enabled-3-holders,1,3,very-big,8388608,64,5.0,30.0,1.0,5,single_host_logical_nodes,28,28.0,29.0,0,0.0,nan,nan,nan,nan
0,6,Enabled-3-holders,1,3,very-big,8388608,64,5.0,30.0,1.0,5,single_host_logical_nodes,29,29.0,30.0,0,0.0,nan,nan,nan,nan
0,7,Enabled-3-holders,1,3,small,1024,64,5.0,30.0,1.0,5,single_host_logical_nodes,0,0.0,1.0,709,709.0,82.90046476586741,80.754978,94.5803624,96.720607
0,7,Enabled-3-holders,1,3,small,1024,64,5.0,30.0,1.0,5,single_host_logical_nodes,1,1.0,2.0,803,803.0,81.6531960460772,80.323793,98.89585410000001,100.6608386
0,7,Enabled-3-holders,1,3,small,1024,64,5.0,30.0,1.0,5,single_host_logical_nodes,2,2.0,3.0,792,792.0,81.27266032323232,80.066144,93.12210295,97.00854314
0,7,Enabled-3-holders,1,3,small,1024,64,5.0,30.0,1.0,5,single_host_logical_nodes,3,3.0,4.0,768,768.0,82.16856446744792,80.8234985,93.43837195,98.10405604000012
0,7,Enabled-3-holders,1,3,small,1024,64,5.0,30.0,1.0,5,single_host_logical_nodes,4,4.0,5.0,768,768.0,82.75567336848958,80.883059,99.17516585000001,99.7438951
0,7,Enabled-3-holders,1,3,small,1024,64,5.0,30.0,1.0,5,single_host_logical_nodes,5,5.0,6.0,768,768.0,82.12355129296874,81.595519,93.34393234999999,94.37241077
0,7,Enabled-3-holders,1,3,small,1024,64,5.0,30.0,1.0,5,single_host_logical_nodes,6,6.0,7.0,805,805.0,81.72335879254659,80.529434,95.46193740000001,96.8921674
0,7,Enabled-3-holders,1,3,small,1024,64,5.0,30.0,1.0,5,single_host_logical_nodes,7,7.0,8.0,795,795.0,80.91009263018869,78.998131,97.52557839999997,102.22865584
0,7,Enabled-3-holders,1,3,small,1024,64,5.0,30.0,1.0,5,single_host_logical_nodes,8,8.0,9.0,768,768.0,81.77337811067709,79.81502699999999,91.4404652,96.42444309999999
0,7,Enabled-3-holders,1,3,small,1024,64,5.0,30.0,1.0,5,single_host_logical_nodes,9,9.0,10.0,768,768.0,82.51661267708333,81.406699,91.83437765,94.67096869
0,7,Enabled-3-holders,1,3,small,1024,64,5.0,30.0,1.0,5,single_host_logical_nodes,10,10.0,11.0,788,788.0,82.00473968781726,81.0304785,93.5148775,96.01076737
0,7,Enabled-3-holders,1,3,small,1024,64,5.0,30.0,1.0,5,single_host_logical_nodes,11,11.0,12.0,794,794.0,82.03897268639798,80.629278,95.5872158,97.27706339000001
0,7,Enabled-3-holders,1,3,small,1024,64,5.0,30.0,1.0,5,single_host_logical_nodes,12,12.0,13.0,762,762.0,83.64896969947506,81.53696049999999,100.81825235,112.47028789999999
0,7,Enabled-3-holders,1,3,small,1024,64,5.0,30.0,1.0,5,single_host_logical_nodes,13,13.0,14.0,728,728.0,85.89480457554946,84.6008705,102.17523994999999,106.62604757
0,7,Enabled-3-holders,1,3,small,1024,64,5.0,30.0,1.0,5,single_host_logical_nodes,14,14.0,15.0,774,774.0,82.47467686563307,81.4924315,90.80711914999999,92.99521734
0,7,Enabled-3-holders,1,3,small,1024,64,5.0,30.0,1.0,5,single_host_logical_nodes,15,15.0,16.0,801,801.0,81.6755989750312,80.362069,91.123668,93.18922
0,7,Enabled-3-holders,1,3,small,1024,64,5.0,30.0,1.0,5,single_host_logical_nodes,16,16.0,17.0,793,793.0,81.7215863076923,81.519364,96.17927040000001,97.70932464
0,7,Enabled-3-holders,1,3,small,1024,64,5.0,30.0,1.0,5,single_host_logical_nodes,17,17.0,18.0,768,768.0,80.15279091276041,79.15331549999999,84.1085899,89.25039503
0,7,Enabled-3-holders,1,3,small,1024,64,5.0,30.0,1.0,5,single_host_logical_nodes,18,18.0,19.0,787,787.0,81.88023574841169,79.959368,94.77483309999981,96.9997786
0,7,Enabled-3-holders,1,3,small,1024,64,5.0,30.0,1.0,5,single_host_logical_nodes,19,19.0,20.0,786,786.0,83.01488954198473,80.60313049999999,94.36862150000002,102.7088595
0,7,Enabled-3-holders,1,3,small,1024,64,5.0,30.0,1.0,5,single_host_logical_nodes,20,20.0,21.0,771,771.0,83.17263342801557,82.060977,99.01102449999999,102.0213038
0,7,Enabled-3-holders,1,3,small,1024,64,5.0,30.0,1.0,5,single_host_logical_nodes,21,21.0,22.0,785,785.0,82.53192222675159,80.391842,101.667508,103.69657584
0,7,Enabled-3-holders,1,3,small,1024,64,5.0,30.0,1.0,5,single_host_logical_nodes,22,22.0,23.0,775,775.0,82.8945883432258,80.280249,94.7297632,102.03363582
0,7,Enabled-3-holders,1,3,small,1024,64,5.0,30.0,1.0,5,single_host_logical_nodes,23,23.0,24.0,768,768.0,82.16288483854167,79.770494,91.92828515,93.25969644
0,7,Enabled-3-holders,1,3,small,1024,64,5.0,30.0,1.0,5,single_host_logical_nodes,24,24.0,25.0,768,768.0,81.8210654609375,80.44638,90.85914009999999,94.07051172
0,7,Enabled-3-holders,1,3,small,1024,64,5.0,30.0,1.0,5,single_host_logical_nodes,25,25.0,26.0,770,770.0,82.47398210649351,80.209799,103.07657005,105.79851400000001
0,7,Enabled-3-holders,1,3,small,1024,64,5.0,30.0,1.0,5,single_host_logical_nodes,26,26.0,27.0,791,791.0,82.1124319102402,80.230393,94.36848649999999,100.5305946
0,7,Enabled-3-holders,1,3,small,1024,64,5.0,30.0,1.0,5,single_host_logical_nodes,27,27.0,28.0,794,794.0,82.03293789420655,79.7197965,93.26078319999998,96.70287209
0,7,Enabled-3-holders,1,3,small,1024,64,5.0,30.0,1.0,5,single_host_logical_nodes,28,28.0,29.0,775,775.0,82.91338007096773,80.98862,94.4464946,98.37756506
0,7,Enabled-3-holders,1,3,small,1024,64,5.0,30.0,1.0,5,single_host_logical_nodes,29,29.0,30.0,756,756.0,83.7686546415344,82.6127465,94.0269935,98.02929965000001
0,8,Enabled-1-holder,1,1,medium,65536,64,5.0,30.0,1.0,5,single_host_logical_nodes,0,0.0,1.0,768,768.0,79.60310945182292,78.1771275,91.34079919999999,97.49157305
0,8,Enabled-1-holder,1,1,medium,65536,64,5.0,30.0,1.0,5,single_host_logical_nodes,1,1.0,2.0,787,787.0,79.24326390343074,77.629487,91.8595365,92.92168754
0,8,Enabled-1-holder,1,1,medium,65536,64,5.0,30.0,1.0,5,single_host_logical_nodes,2,2.0,3.0,813,813.0,79.81837290774908,79.663584,86.1381226,89.69092084
0,8,Enabled-1-holder,1,1,medium,65536,64,5.0,30.0,1.0,5,single_host_logical_nodes,3,3.0,4.0,789,789.0,80.03072825095057,79.386288,90.6182828,94.49894764
0,8,Enabled-1-holder,1,1,medium,65536,64,5.0,30.0,1.0,5,single_host_logical_nodes,4,4.0,5.0,811,811.0,80.82641497780517,80.568509,88.69519149999999,90.4470987
0,8,Enabled-1-holder,1,1,medium,65536,64,5.0,30.0,1.0,5,single_host_logical_nodes,5,5.0,6.0,768,768.0,80.24164238541667,79.660146,89.365962,92.94680134000001
0,8,Enabled-1-holder,1,1,medium,65536,64,5.0,30.0,1.0,5,single_host_logical_nodes,6,6.0,7.0,832,832.0,79.59674902644231,78.67783800000001,88.9115032,91.38857276
0,8,Enabled-1-holder,1,1,medium,65536,64,5.0,30.0,1.0,5,single_host_logical_nodes,7,7.0,8.0,785,785.0,79.59066221656052,78.518378,92.01425619999999,94.52414072
0,8,Enabled-1-holder,1,1,medium,65536,64,5.0,30.0,1.0,5,single_host_logical_nodes,8,8.0,9.0,813,813.0,80.8421525694957,79.184064,93.2230796,98.68699652
0,8,Enabled-1-holder,1,1,medium,65536,64,5.0,30.0,1.0,5,single_host_logical_nodes,9,9.0,10.0,770,770.0,80.90743747662337,80.21407199999999,90.27561639999999,95.87542276999999
0,8,Enabled-1-holder,1,1,medium,65536,64,5.0,30.0,1.0,5,single_host_logical_nodes,10,10.0,11.0,813,813.0,79.98620181180812,78.530201,89.9750658,94.716519
0,8,Enabled-1-holder,1,1,medium,65536,64,5.0,30.0,1.0,5,single_host_logical_nodes,11,11.0,12.0,787,787.0,80.17657025794155,79.16917,89.40614189999998,92.79993615999999
0,8,Enabled-1-holder,1,1,medium,65536,64,5.0,30.0,1.0,5,single_host_logical_nodes,12,12.0,13.0,796,796.0,80.4871510879397,79.4638295,90.00871074999999,92.91321155
0,8,Enabled-1-holder,1,1,medium,65536,64,5.0,30.0,1.0,5,single_host_logical_nodes,13,13.0,14.0,771,771.0,83.17361223476006,81.192508,99.5467835,101.05410090000001
0,8,Enabled-1-holder,1,1,medium,65536,64,5.0,30.0,1.0,5,single_host_logical_nodes,14,14.0,15.0,801,801.0,80.67109028963795,79.255089,90.812848,93.98871
0,8,Enabled-1-holder,1,1,medium,65536,64,5.0,30.0,1.0,5,single_host_logical_nodes,15,15.0,16.0,797,797.0,79.46021449560854,78.60374,87.43477739999999,91.4661496
0,8,Enabled-1-holder,1,1,medium,65536,64,5.0,30.0,1.0,5,single_host_logical_nodes,16,16.0,17.0,803,803.0,79.2064766139477,78.556866,85.93832069999999,94.20476248
0,8,Enabled-1-holder,1,1,medium,65536,64,5.0,30.0,1.0,5,single_host_logical_nodes,17,17.0,18.0,781,781.0,81.06931942765685,79.842095,90.65375,98.3783712
0,8,Enabled-1-holder,1,1,medium,65536,64,5.0,30.0,1.0,5,single_host_logical_nodes,18,18.0,19.0,819,819.0,81.29190313553114,80.339434,89.84507939999999,95.7400807
0,8,Enabled-1-holder,1,1,medium,65536,64,5.0,30.0,1.0,5,single_host_logical_nodes,19,19.0,20.0,768,768.0,81.33324687630208,80.4157455,87.1269358,90.60372993000001
0,8,Enabled-1-holder,1,1,medium,65536,64,5.0,30.0,1.0,5,single_host_logical_nodes,20,20.0,21.0,810,810.0,79.81811395185186,78.9816055,84.80627295,86.23644923
0,8,Enabled-1-holder,1,1,medium,65536,64,5.0,30.0,1.0,5,single_host_logical_nodes,21,21.0,22.0,790,790.0,80.6107349607595,79.787489,88.8281224,93.10732751
0,8,Enabled-1-holder,1,1,medium,65536,64,5.0,30.0,1.0,5,single_host_logical_nodes,22,22.0,23.0,786,786.0,80.67168685750636,80.465704,88.48378975,91.32912305
0,8,Enabled-1-holder,1,1,medium,65536,64,5.0,30.0,1.0,5,single_host_logical_nodes,23,23.0,24.0,814,814.0,80.38255444471744,80.71929399999999,86.185368,86.59600572
0,8,Enabled-1-holder,1,1,medium,65536,64,5.0,30.0,1.0,5,single_host_logical_nodes,24,24.0,25.0,769,769.0,80.50952433289987,80.48687,89.2990976,90.43578732
0,8,Enabled-1-holder,1,1,medium,65536,64,5.0,30.0,1.0,5,single_host_logical_nodes,25,25.0,26.0,811,811.0,80.90611540937115,80.192983,93.01582450000001,96.94086240000001
0,8,Enabled-1-holder,1,1,medium,65536,64,5.0,30.0,1.0,5,single_host_logical_nodes,26,26.0,27.0,788,788.0,82.196639535533,81.8908925,92.5491055,95.08021714
0,8,Enabled-1-holder,1,1,medium,65536,64,5.0,30.0,1.0,5,single_host_logical_nodes,27,27.0,28.0,768,768.0,81.29928982552083,80.8318335,87.87932799999999,88.39633069
0,8,Enabled-1-holder,1,1,medium,65536,64,5.0,30.0,1.0,5,single_host_logical_nodes,28,28.0,29.0,769,769.0,82.06899847594278,81.542733,92.51205139999999,94.48553124
0,8,Enabled-1-holder,1,1,medium,65536,64,5.0,30.0,1.0,5,single_host_logical_nodes,29,29.0,30.0,807,807.0,81.11916539653036,80.349294,89.5919895,90.5191268
0,9,Enabled-4-holders,1,4,small,1024,64,5.0,30.0,1.0,5,single_host_logical_nodes,0,0.0,1.0,704,704.0,83.07882549715909,82.211364,94.4971007,97.27906993
0,9,Enabled-4-holders,1,4,small,1024,64,5.0,30.0,1.0,5,single_host_logical_nodes,1,1.0,2.0,796,796.0,82.15056986809046,81.14744049999999,94.78159099999999,95.8467513
0,9,Enabled-4-holders,1,4,small,1024,64,5.0,30.0,1.0,5,single_host_logical_nodes,2,2.0,3.0,794,794.0,81.9564147695214,80.385433,96.6455618,98.03990796
0,9,Enabled-4-holders,1,4,small,1024,64,5.0,30.0,1.0,5,single_host_logical_nodes,3,3.0,4.0,778,778.0,81.6882294948586,79.597488,95.44214495,101.47772291000001
0,9,Enabled-4-holders,1,4,small,1024,64,5.0,30.0,1.0,5,single_host_logical_nodes,4,4.0,5.0,768,768.0,83.26208012369791,81.5971745,107.8018646,110.44549552000001
0,9,Enabled-4-holders,1,4,small,1024,64,5.0,30.0,1.0,5,single_host_logical_nodes,5,5.0,6.0,768,768.0,82.75160121354166,80.995195,93.00250665000002,95.63811014000001
0,9,Enabled-4-holders,1,4,small,1024,64,5.0,30.0,1.0,5,single_host_logical_nodes,6,6.0,7.0,768,768.0,81.66030293880208,80.3261825,96.46498994999999,97.83038227
0,9,Enabled-4-holders,1,4,small,1024,64,5.0,30.0,1.0,5,single_host_logical_nodes,7,7.0,8.0,787,787.0,82.21413900889453,80.246578,92.8934086,100.27410241999999
0,9,Enabled-4-holders,1,4,small,1024,64,5.0,30.0,1.0,5,single_host_logical_nodes,8,8.0,9.0,794,794.0,82.02204487279597,80.32912,91.79792195,93.97973382
0,9,Enabled-4-holders,1,4,small,1024,64,5.0,30.0,1.0,5,single_host_logical_nodes,9,9.0,10.0,779,779.0,82.65893250834404,81.128782,94.5457208,96.50357852
0,9,Enabled-4-holders,1,4,small,1024,64,5.0,30.0,1.0,5,single_host_logical_nodes,10,10.0,11.0,776,776.0,82.90324232216494,80.177374,96.963916,99.20681175000001
0,9,Enabled-4-holders,1,4,small,1024,64,5.0,30.0,1.0,5,single_host_logical_nodes,11,11.0,12.0,768,768.0,82.12701463932292,81.181766,90.69305335,92.69040349000001
0,9,Enabled-4-holders,1,4,small,1024,64,5.0,30.0,1.0,5,single_host_logical_nodes,12,12.0,13.0,768,768.0,82.42580203125,81.5589815,91.50751389999999,92.86635823
0,9,Enabled-4-holders,1,4,small,1024,64,5.0,30.0,1.0,5,single_host_logical_nodes,13,13.0,14.0,738,738.0,87.06566220054201,81.98954950000001,125.89980295000001,126.61881266
0,9,Enabled-4-holders,1,4,small,1024,64,5.0,30.0,1.0,5,single_host_logical_nodes,14,14.0,15.0,772,772.0,83.02283132253886,81.6192835,101.72994259999999,103.15637059000001
0,9,Enabled-4-holders,1,4,small,1024,64,5.0,30.0,1.0,5,single_host_logical_nodes,15,15.0,16.0,786,786.0,82.50282173791348,80.773683,93.52847775,96.23337365
0,9,Enabled-4-holders,1,4,small,1024,64,5.0,30.0,1.0,5,single_host_logical_nodes,16,16.0,17.0,776,776.0,81.44164600515464,80.41198800000001,88.81259825,90.76336574999999
0,9,Enabled-4-holders,1,4,small,1024,64,5.0,30.0,1.0,5,single_host_logical_nodes,17,17.0,18.0,768,768.0,80.6986771171875,79.6002195,87.4780703,88.25881354
0,9,Enabled-4-holders,1,4,small,1024,64,5.0,30.0,1.0,5,single_host_logical_nodes,18,18.0,19.0,811,811.0,81.919328675709,81.656885,92.4428795,93.6136425
0,9,Enabled-4-holders,1,4,small,1024,64,5.0,30.0,1.0,5,single_host_logical_nodes,19,19.0,20.0,763,763.0,83.5903525072084,80.733358,97.2998179,99.54385268
0,9,Enabled-4-holders,1,4,small,1024,64,5.0,30.0,1.0,5,single_host_logical_nodes,20,20.0,21.0,781,781.0,82.5490131177977,81.782177,94.590434,95.77020280000002
0,9,Enabled-4-holders,1,4,small,1024,64,5.0,30.0,1.0,5,single_host_logical_nodes,21,21.0,22.0,781,781.0,82.08546951216388,79.991102,94.52215,97.1410676
0,9,Enabled-4-holders,1,4,small,1024,64,5.0,30.0,1.0,5,single_host_logical_nodes,22,22.0,23.0,768,768.0,82.86667091666666,81.547519,97.58923254999999,98.45225773
0,9,Enabled-4-holders,1,4,small,1024,64,5.0,30.0,1.0,5,single_host_logical_nodes,23,23.0,24.0,768,768.0,82.73437160026042,79.69948049999999,96.0988601,100.64953623000001
0,9,Enabled-4-holders,1,4,small,1024,64,5.0,30.0,1.0,5,single_host_logical_nodes,24,24.0,25.0,768,768.0,82.43488081380208,81.0396415,91.61091055,96.18091618
0,9,Enabled-4-holders,1,4,small,1024,64,5.0,30.0,1.0,5,single_host_logical_nodes,25,25.0,26.0,775,775.0,82.10764301806452,79.127086,92.8598822,95.3409524
0,9,Enabled-4-holders,1,4,small,1024,64,5.0,30.0,1.0,5,single_host_logical_nodes,26,26.0,27.0,801,801.0,81.60309278277153,80.505747,95.536849,96.495062
0,9,Enabled-4-holders,1,4,small,1024,64,5.0,30.0,1.0,5,single_host_logical_nodes,27,27.0,28.0,775,775.0,82.9410407832258,80.933069,99.42385509999998,101.37847453999998
0,9,Enabled-4-holders,1,4,small,1024,64,5.0,30.0,1.0,5,single_host_logical_nodes,28,28.0,29.0,749,749.0,84.27532322429907,81.372534,99.0513574,102.93130392
0,9,Enabled-4-holders,1,4,small,1024,64,5.0,30.0,1.0,5,single_host_logical_nodes,29,29.0,30.0,772,772.0,83.1440437007772,81.245732,94.16742629999999,95.36758169000001
0,10,Enabled-2-holders,1,2,medium,65536,64,5.0,30.0,1.0,5,single_host_logical_nodes,0,0.0,1.0,665,665.0,89.22719989774437,87.58939,99.5099066,101.96400328000001
0,10,Enabled-2-holders,1,2,medium,65536,64,5.0,30.0,1.0,5,single_host_logical_nodes,1,1.0,2.0,679,679.0,93.05973033578793,92.674232,105.7392553,106.36640154
0,10,Enabled-2-holders,1,2,medium,65536,64,5.0,30.0,1.0,5,single_host_logical_nodes,2,2.0,3.0,760,760.0,87.1783418381579,84.565596,100.43994965,102.35058081999999
0,10,Enabled-2-holders,1,2,medium,65536,64,5.0,30.0,1.0,5,single_host_logical_nodes,3,3.0,4.0,696,696.0,91.19763320545977,91.5595505,103.2489285,110.9728005
0,10,Enabled-2-holders,1,2,medium,65536,64,5.0,30.0,1.0,5,single_host_logical_nodes,4,4.0,5.0,656,656.0,93.3158174207317,92.330816,102.59285500000001,108.59057345
0,10,Enabled-2-holders,1,2,medium,65536,64,5.0,30.0,1.0,5,single_host_logical_nodes,5,5.0,6.0,704,704.0,95.14072926278409,92.42847599999999,115.2179481,115.84484627
0,10,Enabled-2-holders,1,2,medium,65536,64,5.0,30.0,1.0,5,single_host_logical_nodes,6,6.0,7.0,699,699.0,92.34980425608012,89.744527,109.5502022,111.8463715
0,10,Enabled-2-holders,1,2,medium,65536,64,5.0,30.0,1.0,5,single_host_logical_nodes,7,7.0,8.0,679,679.0,92.3516447083947,87.260154,115.9708109,117.84524496
0,10,Enabled-2-holders,1,2,medium,65536,64,5.0,30.0,1.0,5,single_host_logical_nodes,8,8.0,9.0,734,734.0,88.58521270844687,87.121436,103.3154437,105.9282972
0,10,Enabled-2-holders,1,2,medium,65536,64,5.0,30.0,1.0,5,single_host_logical_nodes,9,9.0,10.0,704,704.0,87.99183416619319,87.61642649999999,98.74902865,105.65386734
0,10,Enabled-2-holders,1,2,medium,65536,64,5.0,30.0,1.0,5,single_host_logical_nodes,10,10.0,11.0,734,734.0,88.2536640640327,88.0847645,98.46629975,100.75576615
0,10,Enabled-2-holders,1,2,medium,65536,64,5.0,30.0,1.0,5,single_host_logical_nodes,11,11.0,12.0,738,738.0,87.63851205149052,87.463473,94.7632399,96.25473054
0,10,Enabled-2-holders,1,2,medium,65536,64,5.0,30.0,1.0,5,single_host_logical_nodes,12,12.0,13.0,713,713.0,87.48173370967741,86.343169,95.5465448,97.80363747999999
0,10,Enabled-2-holders,1,2,medium,65536,64,5.0,30.0,1.0,5,single_host_logical_nodes,13,13.0,14.0,759,759.0,86.77797295915678,86.178019,93.03275459999999,95.28974928
0,10,Enabled-2-holders,1,2,medium,65536,64,5.0,30.0,1.0,5,single_host_logical_nodes,14,14.0,15.0,704,704.0,90.09206293039773,89.7410415,96.6930477,97.82628496999999
0,10,Enabled-2-holders,1,2,medium,65536,64,5.0,30.0,1.0,5,single_host_logical_nodes,15,15.0,16.0,704,704.0,90.809705609375,88.55371,115.644212,117.68651986
0,10,Enabled-2-holders,1,2,medium,65536,64,5.0,30.0,1.0,5,single_host_logical_nodes,16,16.0,17.0,706,706.0,88.80910804674221,87.1719885,99.81913075,104.60203234999999
0,10,Enabled-2-holders,1,2,medium,65536,64,5.0,30.0,1.0,5,single_host_logical_nodes,17,17.0,18.0,730,730.0,89.20942292328768,89.455241,97.60765135,100.16076862
0,10,Enabled-2-holders,1,2,medium,65536,64,5.0,30.0,1.0,5,single_host_logical_nodes,18,18.0,19.0,740,740.0,87.79142609054054,87.5253765,92.80910730000001,94.05758003
0,10,Enabled-2-holders,1,2,medium,65536,64,5.0,30.0,1.0,5,single_host_logical_nodes,19,19.0,20.0,679,679.0,92.27167846097201,90.251334,115.78280079999999,117.70521562
0,10,Enabled-2-holders,1,2,medium,65536,64,5.0,30.0,1.0,5,single_host_logical_nodes,20,20.0,21.0,611,611.0,103.76930765302782,102.613548,122.354595,124.4971901
0,10,Enabled-2-holders,1,2,medium,65536,64,5.0,30.0,1.0,5,single_host_logical_nodes,21,21.0,22.0,758,758.0,87.00482397229551,86.9115955,94.63649444999999,96.21560794999999
0,10,Enabled-2-holders,1,2,medium,65536,64,5.0,30.0,1.0,5,single_host_logical_nodes,22,22.0,23.0,725,725.0,86.47325563862069,84.516205,98.340734,101.22395375999999
0,10,Enabled-2-holders,1,2,medium,65536,64,5.0,30.0,1.0,5,single_host_logical_nodes,23,23.0,24.0,699,699.0,91.06263448640915,89.532071,106.8662666,113.21257267999998
0,10,Enabled-2-holders,1,2,medium,65536,64,5.0,30.0,1.0,5,single_host_logical_nodes,24,24.0,25.0,714,714.0,88.83588223529412,85.9010545,102.0573706,109.6009443
0,10,Enabled-2-holders,1,2,medium,65536,64,5.0,30.0,1.0,5,single_host_logical_nodes,25,25.0,26.0,614,614.0,106.20495772638436,104.947517,130.90484345000002,132.63825383
0,10,Enabled-2-holders,1,2,medium,65536,64,5.0,30.0,1.0,5,single_host_logical_nodes,26,26.0,27.0,655,655.0,96.83544650687023,93.760959,129.22609709999998,130.75148952
0,10,Enabled-2-holders,1,2,medium,65536,64,5.0,30.0,1.0,5,single_host_logical_nodes,27,27.0,28.0,715,715.0,89.63649257482518,88.486842,99.3790429,101.51354654000001
0,10,Enabled-2-holders,1,2,medium,65536,64,5.0,30.0,1.0,5,single_host_logical_nodes,28,28.0,29.0,614,614.0,104.01320323127037,100.755381,123.62903335,124.84339796
0,10,Enabled-2-holders,1,2,medium,65536,64,5.0,30.0,1.0,5,single_host_logical_nodes,29,29.0,30.0,576,576.0,108.81289296180556,106.75476649999999,125.38090275,130.4623355
0,11,Disabled,0,0,very-big,8388608,64,5.0,30.0,1.0,5,single_host_logical_nodes,0,0.0,1.0,54,54.0,614.8925518518519,633.196576,950.0905268,951.5420015
0,11,Disabled,0,0,very-big,8388608,64,5.0,30.0,1.0,5,single_host_logical_nodes,1,1.0,2.0,68,68.0,929.1253131911765,952.77325,1056.3949456999999,1159.75858258
0,11,Disabled,0,0,very-big,8388608,64,5.0,30.0,1.0,5,single_host_logical_nodes,2,2.0,3.0,75,75.0,910.98235728,952.032803,955.2790441,955.5337921
0,11,Disabled,0,0,very-big,8388608,64,5.0,30.0,1.0,5,single_host_logical_nodes,3,3.0,4.0,11,11.0,924.1999499090908,951.040499,954.2659165,954.3128145
0,11,Disabled,0,0,very-big,8388608,64,5.0,30.0,1.0,5,single_host_logical_nodes,4,4.0,5.0,0,0.0,nan,nan,nan,nan
0,11,Disabled,0,0,very-big,8388608,64,5.0,30.0,1.0,5,single_host_logical_nodes,5,5.0,6.0,0,0.0,nan,nan,nan,nan
0,11,Disabled,0,0,very-big,8388608,64,5.0,30.0,1.0,5,single_host_logical_nodes,6,6.0,7.0,0,0.0,nan,nan,nan,nan
0,11,Disabled,0,0,very-big,8388608,64,5.0,30.0,1.0,5,single_host_logical_nodes,7,7.0,8.0,0,0.0,nan,nan,nan,nan
0,11,Disabled,0,0,very-big,8388608,64,5.0,30.0,1.0,5,single_host_logical_nodes,8,8.0,9.0,0,0.0,nan,nan,nan,nan
0,11,Disabled,0,0,very-big,8388608,64,5.0,30.0,1.0,5,single_host_logical_nodes,9,9.0,10.0,0,0.0,nan,nan,nan,nan
0,11,Disabled,0,0,very-big,8388608,64,5.0,30.0,1.0,5,single_host_logical_nodes,10,10.0,11.0,0,0.0,nan,nan,nan,nan
0,11,Disabled,0,0,very-big,8388608,64,5.0,30.0,1.0,5,single_host_logical_nodes,11,11.0,12.0,0,0.0,nan,nan,nan,nan
0,11,Disabled,0,0,very-big,8388608,64,5.0,30.0,1.0,5,single_host_logical_nodes,12,12.0,13.0,0,0.0,nan,nan,nan,nan
0,11,Disabled,0,0,very-big,8388608,64,5.0,30.0,1.0,5,single_host_logical_nodes,13,13.0,14.0,90,90.0,7780.867349544445,10594.774869,10902.3087777,10902.806334249999
0,11,Disabled,0,0,very-big,8388608,64,5.0,30.0,1.0,5,single_host_logical_nodes,14,14.0,15.0,2,2.0,650.492363,650.492363,650.561258,650.567382
0,11,Disabled,0,0,very-big,8388608,64,5.0,30.0,1.0,5,single_host_logical_nodes,15,15.0,16.0,0,0.0,nan,nan,nan,nan
0,11,Disabled,0,0,very-big,8388608,64,5.0,30.0,1.0,5,single_host_logical_nodes,16,16.0,17.0,0,0.0,nan,nan,nan,nan
0,11,Disabled,0,0,very-big,8388608,64,5.0,30.0,1.0,5,single_host_logical_nodes,17,17.0,18.0,0,0.0,nan,nan,nan,nan
0,11,Disabled,0,0,very-big,8388608,64,5.0,30.0,1.0,5,single_host_logical_nodes,18,18.0,19.0,0,0.0,nan,nan,nan,nan
0,11,Disabled,0,0,very-big,8388608,64,5.0,30.0,1.0,5,single_host_logical_nodes,19,19.0,20.0,0,0.0,nan,nan,nan,nan
0,11,Disabled,0,0,very-big,8388608,64,5.0,30.0,1.0,5,single_host_logical_nodes,20,20.0,21.0,0,0.0,nan,nan,nan,nan
0,11,Disabled,0,0,very-big,8388608,64,5.0,30.0,1.0,5,single_host_logical_nodes,21,21.0,22.0,0,0.0,nan,nan,nan,nan
0,11,Disabled,0,0,very-big,8388608,64,5.0,30.0,1.0,5,single_host_logical_nodes,22,22.0,23.0,0,0.0,nan,nan,nan,nan
0,11,Disabled,0,0,very-big,8388608,64,5.0,30.0,1.0,5,single_host_logical_nodes,23,23.0,24.0,0,0.0,nan,nan,nan,nan
0,11,Disabled,0,0,very-big,8388608,64,5.0,30.0,1.0,5,single_host_logical_nodes,24,24.0,25.0,101,101.0,6940.1577920198015,10581.231618,10690.045422,10693.09736
0,11,Disabled,0,0,very-big,8388608,64,5.0,30.0,1.0,5,single_host_logical_nodes,25,25.0,26.0,77,77.0,779.1779822467532,755.872609,880.1460028000002,962.8859372
0,11,Disabled,0,0,very-big,8388608,64,5.0,30.0,1.0,5,single_host_logical_nodes,26,26.0,27.0,68,68.0,894.2451119411764,859.664974,963.6793421,964.3538243600001
0,11,Disabled,0,0,very-big,8388608,64,5.0,30.0,1.0,5,single_host_logical_nodes,27,27.0,28.0,1,1.0,952.527497,952.527497,952.527497,952.527497
0,11,Disabled,0,0,very-big,8388608,64,5.0,30.0,1.0,5,single_host_logical_nodes,28,28.0,29.0,0,0.0,nan,nan,nan,nan
0,11,Disabled,0,0,very-big,8388608,64,5.0,30.0,1.0,5,single_host_logical_nodes,29,29.0,30.0,0,0.0,nan,nan,nan,nan
0,12,Enabled-4-holders,1,4,big,2097152,64,5.0,30.0,1.0,5,single_host_logical_nodes,0,0.0,1.0,128,128.0,394.3567895625,369.967504,467.315227,467.94251483
0,12,Enabled-4-holders,1,4,big,2097152,64,5.0,30.0,1.0,5,single_host_logical_nodes,1,1.0,2.0,191,191.0,368.37890793717276,368.160452,373.191302,373.4514574
0,12,Enabled-4-holders,1,4,big,2097152,64,5.0,30.0,1.0,5,single_host_logical_nodes,2,2.0,3.0,158,158.0,367.21474731645566,364.0961595,372.72557344999996,447.18207429000006
0,12,Enabled-4-holders,1,4,big,2097152,64,5.0,30.0,1.0,5,single_host_logical_nodes,3,3.0,4.0,163,163.0,364.8631990368098,363.680917,375.3220587,375.59470446
0,12,Enabled-4-holders,1,4,big,2097152,64,5.0,30.0,1.0,5,single_host_logical_nodes,4,4.0,5.0,189,189.0,377.5639808306878,368.903179,403.78388040000004,404.15139380000005
0,12,Enabled-4-holders,1,4,big,2097152,64,5.0,30.0,1.0,5,single_host_logical_nodes,5,5.0,6.0,160,160.0,369.13273438125003,373.81287299999997,376.33581565,377.53247408000004
0,12,Enabled-4-holders,1,4,big,2097152,64,5.0,30.0,1.0,5,single_host_logical_nodes,6,6.0,7.0,173,173.0,360.93672830057807,361.455809,366.3801944,367.484262
0,12,Enabled-4-holders,1,4,big,2097152,64,5.0,30.0,1.0,5,single_host_logical_nodes,7,7.0,8.0,182,182.0,365.8998623241758,365.177494,372.58412984999995,373.10546057
0,12,Enabled-4-holders,1,4,big,2097152,64,5.0,30.0,1.0,5,single_host_logical_nodes,8,8.0,9.0,44,44.0,378.1096500227273,369.402935,397.34021625,398.11578389
0,12,Enabled-4-holders,1,4,big,2097152,64,5.0,30.0,1.0,5,single_host_logical_nodes,9,9.0,10.0,0,0.0,nan,nan,nan,nan
0,12,Enabled-4-holders,1,4,big,2097152,64,5.0,30.0,1.0,5,single_host_logical_nodes,10,10.0,11.0,0,0.0,nan,nan,nan,nan
0,12,Enabled-4-holders,1,4,big,2097152,64,5.0,30.0,1.0,5,single_host_logical_nodes,11,11.0,12.0,0,0.0,nan,nan,nan,nan
0,12,Enabled-4-holders,1,4,big,2097152,64,5.0,30.0,1.0,5,single_host_logical_nodes,12,12.0,13.0,0,0.0,nan,nan,nan,nan
0,12,Enabled-4-holders,1,4,big,2097152,64,5.0,30.0,1.0,5,single_host_logical_nodes,13,13.0,14.0,0,0.0,nan,nan,nan,nan
0,12,Enabled-4-holders,1,4,big,2097152,64,5.0,30.0,1.0,5,single_host_logical_nodes,14,14.0,15.0,0,0.0,nan,nan,nan,nan
0,12,Enabled-4-holders,1,4,big,2097152,64,5.0,30.0,1.0,5,single_host_logical_nodes,15,15.0,16.0,0,0.0,nan,nan,nan,nan
0,12,Enabled-4-holders,1,4,big,2097152,64,5.0,30.0,1.0,5,single_host_logical_nodes,16,16.0,17.0,0,0.0,nan,nan,nan,nan
0,12,Enabled-4-holders,1,4,big,2097152,64,5.0,30.0,1.0,5,single_host_logical_nodes,17,17.0,18.0,0,0.0,nan,nan,nan,nan
0,12,Enabled-4-holders,1,4,big,2097152,64,5.0,30.0,1.0,5,single_host_logical_nodes,18,18.0,19.0,128,128.0,5354.43126853125,5336.093927,10437.19897135,10438.2416641
0,12,Enabled-4-holders,1,4,big,2097152,64,5.0,30.0,1.0,5,single_host_logical_nodes,19,19.0,20.0,192,192.0,363.558980328125,364.3748065,372.28232815,372.9985875699999
0,12,Enabled-4-holders,1,4,big,2097152,64,5.0,30.0,1.0,5,single_host_logical_nodes,20,20.0,21.0,181,181.0,359.28252820994476,359.400472,363.390628,363.78128319999996
0,12,Enabled-4-holders,1,4,big,2097152,64,5.0,30.0,1.0,5,single_host_logical_nodes,21,21.0,22.0,162,162.0,357.4126599506173,357.287466,361.95760494999996,362.63806511999996
0,12,Enabled-4-holders,1,4,big,2097152,64,5.0,30.0,1.0,5,single_host_logical_nodes,22,22.0,23.0,184,184.0,359.5305993804348,358.86449500000003,369.13183715,370.94966731999995
0,12,Enabled-4-holders,1,4,big,2097152,64,5.0,30.0,1.0,5,single_host_logical_nodes,23,23.0,24.0,177,177.0,355.8208833333333,355.979876,360.0111978,360.41686780000003
0,12,Enabled-4-holders,1,4,big,2097152,64,5.0,30.0,1.0,5,single_host_logical_nodes,24,24.0,25.0,180,180.0,367.3668926722222,360.098738,391.8212326,392.22436524
0,12,Enabled-4-holders,1,4,big,2097152,64,5.0,30.0,1.0,5,single_host_logical_nodes,25,25.0,26.0,190,190.0,355.4311084578947,355.019926,360.63194965,363.79571626999996
0,12,Enabled-4-holders,1,4,big,2097152,64,5.0,30.0,1.0,5,single_host_logical_nodes,26,26.0,27.0,165,165.0,349.1197995090909,346.937818,356.3662246,357.43026876
0,12,Enabled-4-holders,1,4,big,2097152,64,5.0,30.0,1.0,5,single_host_logical_nodes,27,27.0,28.0,190,190.0,354.1083744842105,353.6543855,361.63268095,364.23923028999997
0,12,Enabled-4-holders,1,4,big,2097152,64,5.0,30.0,1.0,5,single_host_logical_nodes,28,28.0,29.0,171,171.0,351.116424122807,350.179285,358.078963,358.28083499999997
0,12,Enabled-4-holders,1,4,big,2097152,64,5.0,30.0,1.0,5,single_host_logical_nodes,29,29.0,30.0,192,192.0,351.37374785416665,351.8261475,354.2251649,354.83082916
0,13,Disabled,0,0,big,2097152,64,5.0,30.0,1.0,5,single_host_logical_nodes,0,0.0,1.0,159,159.0,336.9064173333333,316.587391,422.4283919,422.53921649999995
0,13,Disabled,0,0,big,2097152,64,5.0,30.0,1.0,5,single_host_logical_nodes,1,1.0,2.0,192,192.0,319.311725640625,316.33478449999996,317.61077135,422.42042692999996
0,13,Disabled,0,0,big,2097152,64,5.0,30.0,1.0,5,single_host_logical_nodes,2,2.0,3.0,218,218.0,315.1733164357798,314.05406400000004,318.8905908,319.04609746
0,13,Disabled,0,0,big,2097152,64,5.0,30.0,1.0,5,single_host_logical_nodes,3,3.0,4.0,199,199.0,309.2091959648241,309.906471,313.1708601,315.419160860001
0,13,Disabled,0,0,big,2097152,64,5.0,30.0,1.0,5,single_host_logical_nodes,4,4.0,5.0,134,134.0,309.0952526567164,306.27526350000005,330.1598245,407.43063086000006
0,13,Disabled,0,0,big,2097152,64,5.0,30.0,1.0,5,single_host_logical_nodes,5,5.0,6.0,0,0.0,nan,nan,nan,nan
0,13,Disabled,0,0,big,2097152,64,5.0,30.0,1.0,5,single_host_logical_nodes,6,6.0,7.0,0,0.0,nan,nan,nan,nan
0,13,Disabled,0,0,big,2097152,64,5.0,30.0,1.0,5,single_host_logical_nodes,7,7.0,8.0,0,0.0,nan,nan,nan,nan
0,13,Disabled,0,0,big,2097152,64,5.0,30.0,1.0,5,single_host_logical_nodes,8,8.0,9.0,0,0.0,nan,nan,nan,nan
0,13,Disabled,0,0,big,2097152,64,5.0,30.0,1.0,5,single_host_logical_nodes,9,9.0,10.0,0,0.0,nan,nan,nan,nan
0,13,Disabled,0,0,big,2097152,64,5.0,30.0,1.0,5,single_host_logical_nodes,10,10.0,11.0,0,0.0,nan,nan,nan,nan
0,13,Disabled,0,0,big,2097152,64,5.0,30.0,1.0,5,single_host_logical_nodes,11,11.0,12.0,0,0.0,nan,nan,nan,nan
0,13,Disabled,0,0,big,2097152,64,5.0,30.0,1.0,5,single_host_logical_nodes,12,12.0,13.0,0,0.0,nan,nan,nan,nan
0,13,Disabled,0,0,big,2097152,64,5.0,30.0,1.0,5,single_host_logical_nodes,13,13.0,14.0,0,0.0,nan,nan,nan,nan
0,13,Disabled,0,0,big,2097152,64,5.0,30.0,1.0,5,single_host_logical_nodes,14,14.0,15.0,64,64.0,10358.68554965625,10361.290763,10461.9240554,10462.09303234
0,13,Disabled,0,0,big,2097152,64,5.0,30.0,1.0,5,single_host_logical_nodes,15,15.0,16.0,151,151.0,329.3515356754967,325.118974,419.4263615,432.758922
0,13,Disabled,0,0,big,2097152,64,5.0,30.0,1.0,5,single_host_logical_nodes,16,16.0,17.0,0,0.0,nan,nan,nan,nan
0,13,Disabled,0,0,big,2097152,64,5.0,30.0,1.0,5,single_host_logical_nodes,17,17.0,18.0,0,0.0,nan,nan,nan,nan
0,13,Disabled,0,0,big,2097152,64,5.0,30.0,1.0,5,single_host_logical_nodes,18,18.0,19.0,0,0.0,nan,nan,nan,nan
0,13,Disabled,0,0,big,2097152,64,5.0,30.0,1.0,5,single_host_logical_nodes,19,19.0,20.0,0,0.0,nan,nan,nan,nan
0,13,Disabled,0,0,big,2097152,64,5.0,30.0,1.0,5,single_host_logical_nodes,20,20.0,21.0,0,0.0,nan,nan,nan,nan
0,13,Disabled,0,0,big,2097152,64,5.0,30.0,1.0,5,single_host_logical_nodes,21,21.0,22.0,0,0.0,nan,nan,nan,nan
0,13,Disabled,0,0,big,2097152,64,5.0,30.0,1.0,5,single_host_logical_nodes,22,22.0,23.0,0,0.0,nan,nan,nan,nan
0,13,Disabled,0,0,big,2097152,64,5.0,30.0,1.0,5,single_host_logical_nodes,23,23.0,24.0,0,0.0,nan,nan,nan,nan
0,13,Disabled,0,0,big,2097152,64,5.0,30.0,1.0,5,single_host_logical_nodes,24,24.0,25.0,0,0.0,nan,nan,nan,nan
0,13,Disabled,0,0,big,2097152,64,5.0,30.0,1.0,5,single_host_logical_nodes,25,25.0,26.0,52,52.0,10347.472568038462,10356.208316,10457.6774294,10457.799892359999
0,13,Disabled,0,0,big,2097152,64,5.0,30.0,1.0,5,single_host_logical_nodes,26,26.0,27.0,204,204.0,891.3388233137256,299.985052,10253.100993400001,10253.31930985
0,13,Disabled,0,0,big,2097152,64,5.0,30.0,1.0,5,single_host_logical_nodes,27,27.0,28.0,204,204.0,295.2681682352941,290.648586,305.30718595,392.1199207
0,13,Disabled,0,0,big,2097152,64,5.0,30.0,1.0,5,single_host_logical_nodes,28,28.0,29.0,239,239.0,290.85154774476985,289.898634,300.3952043,300.48853746
0,13,Disabled,0,0,big,2097152,64,5.0,30.0,1.0,5,single_host_logical_nodes,29,29.0,30.0,209,209.0,290.31790421531105,289.992396,294.40402140000003,294.65422636
0,14,Enabled-1-holder,1,1,very-big,8388608,64,5.0,30.0,1.0,5,single_host_logical_nodes,0,0.0,1.0,27,27.0,460.25966018518517,471.673143,591.3793047,592.36967074
0,14,Enabled-1-holder,1,1,very-big,8388608,64,5.0,30.0,1.0,5,single_host_logical_nodes,1,1.0,2.0,0,0.0,nan,nan,nan,nan
0,14,Enabled-1-holder,1,1,very-big,8388608,64,5.0,30.0,1.0,5,single_host_logical_nodes,2,2.0,3.0,0,0.0,nan,nan,nan,nan
0,14,Enabled-1-holder,1,1,very-big,8388608,64,5.0,30.0,1.0,5,single_host_logical_nodes,3,3.0,4.0,0,0.0,nan,nan,nan,nan
0,14,Enabled-1-holder,1,1,very-big,8388608,64,5.0,30.0,1.0,5,single_host_logical_nodes,4,4.0,5.0,0,0.0,nan,nan,nan,nan
0,14,Enabled-1-holder,1,1,very-big,8388608,64,5.0,30.0,1.0,5,single_host_logical_nodes,5,5.0,6.0,0,0.0,nan,nan,nan,nan
0,14,Enabled-1-holder,1,1,very-big,8388608,64,5.0,30.0,1.0,5,single_host_logical_nodes,6,6.0,7.0,0,0.0,nan,nan,nan,nan
0,14,Enabled-1-holder,1,1,very-big,8388608,64,5.0,30.0,1.0,5,single_host_logical_nodes,7,7.0,8.0,0,0.0,nan,nan,nan,nan
0,14,Enabled-1-holder,1,1,very-big,8388608,64,5.0,30.0,1.0,5,single_host_logical_nodes,8,8.0,9.0,0,0.0,nan,nan,nan,nan
0,14,Enabled-1-holder,1,1,very-big,8388608,64,5.0,30.0,1.0,5,single_host_logical_nodes,9,9.0,10.0,0,0.0,nan,nan,nan,nan
0,14,Enabled-1-holder,1,1,very-big,8388608,64,5.0,30.0,1.0,5,single_host_logical_nodes,10,10.0,11.0,35,35.0,10789.191207314287,10748.81727,10873.4111198,10874.97033478
0,14,Enabled-1-holder,1,1,very-big,8388608,64,5.0,30.0,1.0,5,single_host_logical_nodes,11,11.0,12.0,82,82.0,4207.721323012195,701.4703715,10680.2666555,10984.847021130001
0,14,Enabled-1-holder,1,1,very-big,8388608,64,5.0,30.0,1.0,5,single_host_logical_nodes,12,12.0,13.0,0,0.0,nan,nan,nan,nan
0,14,Enabled-1-holder,1,1,very-big,8388608,64,5.0,30.0,1.0,5,single_host_logical_nodes,13,13.0,14.0,0,0.0,nan,nan,nan,nan
0,14,Enabled-1-holder,1,1,very-big,8388608,64,5.0,30.0,1.0,5,single_host_logical_nodes,14,14.0,15.0,0,0.0,nan,nan,nan,nan
0,14,Enabled-1-holder,1,1,very-big,8388608,64,5.0,30.0,1.0,5,single_host_logical_nodes,15,15.0,16.0,0,0.0,nan,nan,nan,nan
0,14,Enabled-1-holder,1,1,very-big,8388608,64,5.0,30.0,1.0,5,single_host_logical_nodes,16,16.0,17.0,0,0.0,nan,nan,nan,nan
0,14,Enabled-1-holder,1,1,very-big,8388608,64,5.0,30.0,1.0,5,single_host_logical_nodes,17,17.0,18.0,0,0.0,nan,nan,nan,nan
0,14,Enabled-1-holder,1,1,very-big,8388608,64,5.0,30.0,1.0,5,single_host_logical_nodes,18,18.0,19.0,0,0.0,nan,nan,nan,nan
0,14,Enabled-1-holder,1,1,very-big,8388608,64,5.0,30.0,1.0,5,single_host_logical_nodes,19,19.0,20.0,0,0.0,nan,nan,nan,nan
0,14,Enabled-1-holder,1,1,very-big,8388608,64,5.0,30.0,1.0,5,single_host_logical_nodes,20,20.0,21.0,0,0.0,nan,nan,nan,nan
0,14,Enabled-1-holder,1,1,very-big,8388608,64,5.0,30.0,1.0,5,single_host_logical_nodes,21,21.0,22.0,21,21.0,10692.207941238095,10687.335643,10800.266114,10800.6866156
0,14,Enabled-1-holder,1,1,very-big,8388608,64,5.0,30.0,1.0,5,single_host_logical_nodes,22,22.0,23.0,49,49.0,9370.38213755102,10559.557308,10674.335268800001,10675.373560520002
0,14,Enabled-1-holder,1,1,very-big,8388608,64,5.0,30.0,1.0,5,single_host_logical_nodes,23,23.0,24.0,0,0.0,nan,nan,nan,nan
0,14,Enabled-1-holder,1,1,very-big,8388608,64,5.0,30.0,1.0,5,single_host_logical_nodes,24,24.0,25.0,0,0.0,nan,nan,nan,nan
0,14,Enabled-1-holder,1,1,very-big,8388608,64,5.0,30.0,1.0,5,single_host_logical_nodes,25,25.0,26.0,0,0.0,nan,nan,nan,nan
0,14,Enabled-1-holder,1,1,very-big,8388608,64,5.0,30.0,1.0,5,single_host_logical_nodes,26,26.0,27.0,0,0.0,nan,nan,nan,nan
0,14,Enabled-1-holder,1,1,very-big,8388608,64,5.0,30.0,1.0,5,single_host_logical_nodes,27,27.0,28.0,0,0.0,nan,nan,nan,nan
0,14,Enabled-1-holder,1,1,very-big,8388608,64,5.0,30.0,1.0,5,single_host_logical_nodes,28,28.0,29.0,0,0.0,nan,nan,nan,nan
0,14,Enabled-1-holder,1,1,very-big,8388608,64,5.0,30.0,1.0,5,single_host_logical_nodes,29,29.0,30.0,0,0.0,nan,nan,nan,nan
0,15,Enabled-4-holders,1,4,medium,65536,64,5.0,30.0,1.0,5,single_host_logical_nodes,0,0.0,1.0,640,640.0,92.96683201093751,92.04365100000001,102.6086516,103.25363012
0,15,Enabled-4-holders,1,4,medium,65536,64,5.0,30.0,1.0,5,single_host_logical_nodes,1,1.0,2.0,704,704.0,90.46079987642045,88.98843049999999,101.30022654999999,103.52791036
0,15,Enabled-4-holders,1,4,medium,65536,64,5.0,30.0,1.0,5,single_host_logical_nodes,2,2.0,3.0,704,704.0,91.4812520028409,91.26626999999999,108.31780745,110.07232211
0,15,Enabled-4-holders,1,4,medium,65536,64,5.0,30.0,1.0,5,single_host_logical_nodes,3,3.0,4.0,688,688.0,94.38967417732557,91.403075,109.76554325000001,112.48789091
0,15,Enabled-4-holders,1,4,medium,65536,64,5.0,30.0,1.0,5,single_host_logical_nodes,4,4.0,5.0,699,699.0,91.16720553218883,89.538314,102.6306212,105.24845571999995
0,15,Enabled-4-holders,1,4,medium,65536,64,5.0,30.0,1.0,5,single_host_logical_nodes,5,5.0,6.0,661,661.0,94.04932931770045,90.215895,115.119662,117.7935732
0,15,Enabled-4-holders,1,4,medium,65536,64,5.0,30.0,1.0,5,single_host_logical_nodes,6,6.0,7.0,704,704.0,90.62890984232955,89.715649,100.26003075000001,103.34630133
0,15,Enabled-4-holders,1,4,medium,65536,64,5.0,30.0,1.0,5,single_host_logical_nodes,7,7.0,8.0,704,704.0,90.79847311363636,89.0266965,103.15164225,105.13324751
0,15,Enabled-4-holders,1,4,medium,65536,64,5.0,30.0,1.0,5,single_host_logical_nodes,8,8.0,9.0,704,704.0,92.46649151278409,90.942457,103.40799700000001,107.94315672
0,15,Enabled-4-holders,1,4,medium,65536,64,5.0,30.0,1.0,5,single_host_logical_nodes,9,9.0,10.0,704,704.0,93.20279392045454,89.52688549999999,110.29399319999999,113.77199188000002
0,15,Enabled-4-holders,1,4,medium,65536,64,5.0,30.0,1.0,5,single_host_logical_nodes,10,10.0,11.0,684,684.0,92.55167444005848,90.314189,104.78930695,106.82859793
0,15,Enabled-4-holders,1,4,medium,65536,64,5.0,30.0,1.0,5,single_host_logical_nodes,11,11.0,12.0,698,698.0,91.35720208739255,89.56039799999999,103.7420444,111.25136487
0,15,Enabled-4-holders,1,4,medium,65536,64,5.0,30.0,1.0,5,single_host_logical_nodes,12,12.0,13.0,682,682.0,91.98618364809384,91.34285750000001,104.8898741,106.91084115
0,15,Enabled-4-holders,1,4,medium,65536,64,5.0,30.0,1.0,5,single_host_logical_nodes,13,13.0,14.0,688,688.0,91.98664738517442,90.970511,100.53701290000001,102.26561501
0,15,Enabled-4-holders,1,4,medium,65536,64,5.0,30.0,1.0,5,single_host_logical_nodes,14,14.0,15.0,704,704.0,91.13528268607955,89.808875,105.4734115,106.97443329
0,15,Enabled-4-holders,1,4,medium,65536,64,5.0,30.0,1.0,5,single_host_logical_nodes,15,15.0,16.0,679,679.0,96.05949507952872,92.194522,123.4519745,126.925347
0,15,Enabled-4-holders,1,4,medium,65536,64,5.0,30.0,1.0,5,single_host_logical_nodes,16,16.0,17.0,693,693.0,91.87135105339105,90.293178,101.25743359999998,115.2944946
0,15,Enabled-4-holders,1,4,medium,65536,64,5.0,30.0,1.0,5,single_host_logical_nodes,17,17.0,18.0,710,710.0,91.25103146056338,88.58946549999999,104.4811857,107.27787318
0,15,Enabled-4-holders,1,4,medium,65536,64,5.0,30.0,1.0,5,single_host_logical_nodes,18,18.0,19.0,670,670.0,93.83688174626866,93.260046,114.3336619,115.61567954
0,15,Enabled-4-holders,1,4,medium,65536,64,5.0,30.0,1.0,5,single_host_logical_nodes,19,19.0,20.0,704,704.0,91.80155371875,89.3467985,103.9117047,106.14373544
0,15,Enabled-4-holders,1,4,medium,65536,64,5.0,30.0,1.0,5,single_host_logical_nodes,20,20.0,21.0,704,704.0,92.45549917613636,90.7061545,103.67965180000002,111.90917970999999
0,15,Enabled-4-holders,1,4,medium,65536,64,5.0,30.0,1.0,5,single_host_logical_nodes,21,21.0,22.0,704,704.0,91.79926207670455,89.2084405,103.47534255000001,105.25807454999999
0,15,Enabled-4-holders,1,4,medium,65536,64,5.0,30.0,1.0,5,single_host_logical_nodes,22,22.0,23.0,689,689.0,92.18067107402031,89.708183,102.73049260000002,106.91834616
0,15,Enabled-4-holders,1,4,medium,65536,64,5.0,30.0,1.0,5,single_host_logical_nodes,23,23.0,24.0,667,667.0,93.25486311844078,89.931294,112.3812607,114.76877157999999
0,15,Enabled-4-holders,1,4,medium,65536,64,5.0,30.0,1.0,5,single_host_logical_nodes,24,24.0,25.0,694,694.0,91.40975826080692,88.884402,105.72794865,107.56420571000001
0,15,Enabled-4-holders,1,4,medium,65536,64,5.0,30.0,1.0,5,single_host_logical_nodes,25,25.0,26.0,702,702.0,92.75412807264956,90.9826615,110.87963404999998,113.51658411
0,15,Enabled-4-holders,1,4,medium,65536,64,5.0,30.0,1.0,5,single_host_logical_nodes,26,26.0,27.0,700,700.0,94.01881933428572,92.6071595,109.93834615,111.71579281
0,15,Enabled-4-holders,1,4,medium,65536,64,5.0,30.0,1.0,5,single_host_logical_nodes,27,27.0,28.0,655,655.0,93.84264209923664,91.341581,104.56935589999999,108.10974676000001
0,15,Enabled-4-holders,1,4,medium,65536,64,5.0,30.0,1.0,5,single_host_logical_nodes,28,28.0,29.0,693,693.0,93.07583568686869,91.193989,106.27660639999999,109.55830508000001
0,15,Enabled-4-holders,1,4,medium,65536,64,5.0,30.0,1.0,5,single_host_logical_nodes,29,29.0,30.0,704,704.0,93.87799857528408,91.9157295,112.2401504,113.68332568
0,16,Disabled,0,0,small,1024,64,5.0,30.0,1.0,5,single_host_logical_nodes,0,0.0,1.0,1216,1216.0,50.43962306907895,50.114454499999994,54.2929885,55.353202149999994
0,16,Disabled,0,0,small,1024,64,5.0,30.0,1.0,5,single_host_logical_nodes,1,1.0,2.0,1280,1280.0,50.0960724359375,49.8027745,55.34041905,57.6225977
0,16,Disabled,0,0,small,1024,64,5.0,30.0,1.0,5,single_host_logical_nodes,2,2.0,3.0,1280,1280.0,50.242941743749995,49.8700475,53.696523249999984,54.60280361
0,16,Disabled,0,0,small,1024,64,5.0,30.0,1.0,5,single_host_logical_nodes,3,3.0,4.0,1280,1280.0,50.46301416796875,50.348254499999996,53.030022550000005,55.29253039000001
0,16,Disabled,0,0,small,1024,64,5.0,30.0,1.0,5,single_host_logical_nodes,4,4.0,5.0,1280,1280.0,50.2442848875,50.110981499999994,54.326738000000006,54.76282194
0,16,Disabled,0,0,small,1024,64,5.0,30.0,1.0,5,single_host_logical_nodes,5,5.0,6.0,1280,1280.0,50.406508018749996,49.938253,55.002787000000005,59.38388715000001
0,16,Disabled,0,0,small,1024,64,5.0,30.0,1.0,5,single_host_logical_nodes,6,6.0,7.0,1280,1280.0,49.95038804375,49.434833999999995,54.37660689999996,56.357563119999995
0,16,Disabled,0,0,small,1024,64,5.0,30.0,1.0,5,single_host_logical_nodes,7,7.0,8.0,1221,1221.0,50.5798133022113,50.257096,53.537696,54.4935468
0,16,Disabled,0,0,small,1024,64,5.0,30.0,1.0,5,single_host_logical_nodes,8,8.0,9.0,1275,1275.0,50.73836977254902,50.613312,54.476096999999996,55.65834494
0,16,Disabled,0,0,small,1024,64,5.0,30.0,1.0,5,single_host_logical_nodes,9,9.0,10.0,1280,1280.0,51.14302073046875,50.900259500000004,55.1361541,55.94763355
0,16,Disabled,0,0,small,1024,64,5.0,30.0,1.0,5,single_host_logical_nodes,10,10.0,11.0,1280,1280.0,50.095806302343746,49.997198,53.172582899999995,53.93933898
0,16,Disabled,0,0,small,1024,64,5.0,30.0,1.0,5,single_host_logical_nodes,11,11.0,12.0,1216,1216.0,50.65377045641448,50.2017945,59.57684174999999,60.16671375
0,16,Disabled,0,0,small,1024,64,5.0,30.0,1.0,5,single_host_logical_nodes,12,12.0,13.0,1280,1280.0,50.1771632265625,50.13526,53.540281349999994,54.698877089999996
0,16,Disabled,0,0,small,1024,64,5.0,30.0,1.0,5,single_host_logical_nodes,13,13.0,14.0,1280,1280.0,50.5977188015625,50.8242145,53.98324535,54.634986960000006
0,16,Disabled,0,0,small,1024,64,5.0,30.0,1.0,5,single_host_logical_nodes,14,14.0,15.0,1280,1280.0,50.41419652265625,50.6497535,53.934009749999994,54.3600364
0,16,Disabled,0,0,small,1024,64,5.0,30.0,1.0,5,single_host_logical_nodes,15,15.0,16.0,1280,1280.0,50.0985999078125,49.790358499999996,53.911750899999994,56.10994126
0,16,Disabled,0,0,small,1024,64,5.0,30.0,1.0,5,single_host_logical_nodes,16,16.0,17.0,1280,1280.0,50.162847348437495,50.107029,54.11935555,54.26738331
0,16,Disabled,0,0,small,1024,64,5.0,30.0,1.0,5,single_host_logical_nodes,17,17.0,18.0,1236,1236.0,50.808954920711976,50.272443499999994,55.894851249999995,57.2940723
0,16,Disabled,0,0,small,1024,64,5.0,30.0,1.0,5,single_host_logical_nodes,18,18.0,19.0,1260,1260.0,51.160279588095236,50.603857500000004,55.1126256,55.89333183000001
0,16,Disabled,0,0,small,1024,64,5.0,30.0,1.0,5,single_host_logical_nodes,19,19.0,20.0,1280,1280.0,50.51158684453125,50.299233,54.619254700000006,56.32256255
0,16,Disabled,0,0,small,1024,64,5.0,30.0,1.0,5,single_host_logical_nodes,20,20.0,21.0,1253,1253.0,50.68067152035116,50.040112,55.476055,56.157046120000004
0,16,Disabled,0,0,small,1024,64,5.0,30.0,1.0,5,single_host_logical_nodes,21,21.0,22.0,1258,1258.0,50.277740722575516,50.327185,53.486907099999996,55.36732594
0,16,Disabled,0,0,small,1024,64,5.0,30.0,1.0,5,single_host_logical_nodes,22,22.0,23.0,1265,1265.0,50.173309015810275,50.188856,54.1928566,55.249262439999995
0,16,Disabled,0,0,small,1024,64,5.0,30.0,1.0,5,single_host_logical_nodes,23,23.0,24.0,1280,1280.0,50.6374791140625,50.6074355,53.27708169999986,56.75875029
0,16,Disabled,0,0,small,1024,64,5.0,30.0,1.0,5,single_host_logical_nodes,24,24.0,25.0,1280,1280.0,50.18862155859375,50.181143,52.88121145,53.41506062
0,16,Disabled,0,0,small,1024,64,5.0,30.0,1.0,5,single_host_logical_nodes,25,25.0,26.0,1266,1266.0,51.098278327014214,50.792529,54.346211000000004,54.6737665
0,16,Disabled,0,0,small,1024,64,5.0,30.0,1.0,5,single_host_logical_nodes,26,26.0,27.0,1230,1230.0,50.75728031138212,50.176321,53.9073372,54.84537465
0,16,Disabled,0,0,small,1024,64,5.0,30.0,1.0,5,single_host_logical_nodes,27,27.0,28.0,1280,1280.0,51.41117423125,50.710546,56.07203574999984,63.35850752
0,16,Disabled,0,0,small,1024,64,5.0,30.0,1.0,5,single_host_logical_nodes,28,28.0,29.0,1249,1249.0,50.54878788791033,50.762604,53.481522999999996,55.38527952
0,16,Disabled,0,0,small,1024,64,5.0,30.0,1.0,5,single_host_logical_nodes,29,29.0,30.0,1247,1247.0,50.57374489494788,50.018782,54.702224,58.29559542
0,17,Enabled-4-holders,1,4,very-big,8388608,64,5.0,30.0,1.0,5,single_host_logical_nodes,0,0.0,1.0,47,47.0,595.3053682765958,601.530636,856.3300068000001,857.80808532
0,17,Enabled-4-holders,1,4,very-big,8388608,64,5.0,30.0,1.0,5,single_host_logical_nodes,1,1.0,2.0,0,0.0,nan,nan,nan,nan
0,17,Enabled-4-holders,1,4,very-big,8388608,64,5.0,30.0,1.0,5,single_host_logical_nodes,2,2.0,3.0,0,0.0,nan,nan,nan,nan
0,17,Enabled-4-holders,1,4,very-big,8388608,64,5.0,30.0,1.0,5,single_host_logical_nodes,3,3.0,4.0,0,0.0,nan,nan,nan,nan
0,17,Enabled-4-holders,1,4,very-big,8388608,64,5.0,30.0,1.0,5,single_host_logical_nodes,4,4.0,5.0,0,0.0,nan,nan,nan,nan
0,17,Enabled-4-holders,1,4,very-big,8388608,64,5.0,30.0,1.0,5,single_host_logical_nodes,5,5.0,6.0,0,0.0,nan,nan,nan,nan
0,17,Enabled-4-holders,1,4,very-big,8388608,64,5.0,30.0,1.0,5,single_host_logical_nodes,6,6.0,7.0,0,0.0,nan,nan,nan,nan
0,17,Enabled-4-holders,1,4,very-big,8388608,64,5.0,30.0,1.0,5,single_host_logical_nodes,7,7.0,8.0,0,0.0,nan,nan,nan,nan
0,17,Enabled-4-holders,1,4,very-big,8388608,64,5.0,30.0,1.0,5,single_host_logical_nodes,8,8.0,9.0,0,0.0,nan,nan,nan,nan
0,17,Enabled-4-holders,1,4,very-big,8388608,64,5.0,30.0,1.0,5,single_host_logical_nodes,9,9.0,10.0,0,0.0,nan,nan,nan,nan
0,17,Enabled-4-holders,1,4,very-big,8388608,64,5.0,30.0,1.0,5,single_host_logical_nodes,10,10.0,11.0,0,0.0,nan,nan,nan,nan
0,17,Enabled-4-holders,1,4,very-big,8388608,64,5.0,30.0,1.0,5,single_host_logical_nodes,11,11.0,12.0,74,74.0,9412.440168148649,10773.85769,11013.66374155,11045.51766727
0,17,Enabled-4-holders,1,4,very-big,8388608,64,5.0,30.0,1.0,5,single_host_logical_nodes,12,12.0,13.0,0,0.0,nan,nan,nan,nan
0,17,Enabled-4-holders,1,4,very-big,8388608,64,5.0,30.0,1.0,5,single_host_logical_nodes,13,13.0,14.0,0,0.0,nan,nan,nan,nan
0,17,Enabled-4-holders,1,4,very-big,8388608,64,5.0,30.0,1.0,5,single_host_logical_nodes,14,14.0,15.0,0,0.0,nan,nan,nan,nan
0,17,Enabled-4-holders,1,4,very-big,8388608,64,5.0,30.0,1.0,5,single_host_logical_nodes,15,15.0,16.0,0,0.0,nan,nan,nan,nan
0,17,Enabled-4-holders,1,4,very-big,8388608,64,5.0,30.0,1.0,5,single_host_logical_nodes,16,16.0,17.0,0,0.0,nan,nan,nan,nan
0,17,Enabled-4-holders,1,4,very-big,8388608,64,5.0,30.0,1.0,5,single_host_logical_nodes,17,17.0,18.0,0,0.0,nan,nan,nan,nan
0,17,Enabled-4-holders,1,4,very-big,8388608,64,5.0,30.0,1.0,5,single_host_logical_nodes,18,18.0,19.0,0,0.0,nan,nan,nan,nan
0,17,Enabled-4-holders,1,4,very-big,8388608,64,5.0,30.0,1.0,5,single_host_logical_nodes,19,19.0,20.0,0,0.0,nan,nan,nan,nan
0,17,Enabled-4-holders,1,4,very-big,8388608,64,5.0,30.0,1.0,5,single_host_logical_nodes,20,20.0,21.0,0,0.0,nan,nan,nan,nan
0,17,Enabled-4-holders,1,4,very-big,8388608,64,5.0,30.0,1.0,5,single_host_logical_nodes,21,21.0,22.0,36,36.0,10639.705417027777,10658.868219,10665.6209795,10665.8426079
0,17,Enabled-4-holders,1,4,very-big,8388608,64,5.0,30.0,1.0,5,single_host_logical_nodes,22,22.0,23.0,53,53.0,5919.101553433962,10554.051215,10668.873861200002,10669.187173080001
0,17,Enabled-4-holders,1,4,very-big,8388608,64,5.0,30.0,1.0,5,single_host_logical_nodes,23,23.0,24.0,0,0.0,nan,nan,nan,nan
0,17,Enabled-4-holders,1,4,very-big,8388608,64,5.0,30.0,1.0,5,single_host_logical_nodes,24,24.0,25.0,0,0.0,nan,nan,nan,nan
0,17,Enabled-4-holders,1,4,very-big,8388608,64,5.0,30.0,1.0,5,single_host_logical_nodes,25,25.0,26.0,0,0.0,nan,nan,nan,nan
0,17,Enabled-4-holders,1,4,very-big,8388608,64,5.0,30.0,1.0,5,single_host_logical_nodes,26,26.0,27.0,0,0.0,nan,nan,nan,nan
0,17,Enabled-4-holders,1,4,very-big,8388608,64,5.0,30.0,1.0,5,single_host_logical_nodes,27,27.0,28.0,0,0.0,nan,nan,nan,nan
0,17,Enabled-4-holders,1,4,very-big,8388608,64,5.0,30.0,1.0,5,single_host_logical_nodes,28,28.0,29.0,0,0.0,nan,nan,nan,nan
0,17,Enabled-4-holders,1,4,very-big,8388608,64,5.0,30.0,1.0,5,single_host_logical_nodes,29,29.0,30.0,0,0.0,nan,nan,nan,nan
0,18,Enabled-3-holders,1,3,big,2097152,64,5.0,30.0,1.0,5,single_host_logical_nodes,0,0.0,1.0,128,128.0,378.3440226171875,353.757547,454.73058275000005,455.22564345
0,18,Enabled-3-holders,1,3,big,2097152,64,5.0,30.0,1.0,5,single_host_logical_nodes,1,1.0,2.0,189,189.0,354.32946191005294,352.506666,357.57349139999997,458.99566732000005
0,18,Enabled-3-holders,1,3,big,2097152,64,5.0,30.0,1.0,5,single_host_logical_nodes,2,2.0,3.0,192,192.0,349.41753426562497,349.01937,353.68949435,354.57643165
0,18,Enabled-3-holders,1,3,big,2097152,64,5.0,30.0,1.0,5,single_host_logical_nodes,3,3.0,4.0,58,58.0,367.5659993103448,359.94312049999996,381.14109499999995,382.22402016
0,18,Enabled-3-holders,1,3,big,2097152,64,5.0,30.0,1.0,5,single_host_logical_nodes,4,4.0,5.0,0,0.0,nan,nan,nan,nan
0,18,Enabled-3-holders,1,3,big,2097152,64,5.0,30.0,1.0,5,single_host_logical_nodes,5,5.0,6.0,0,0.0,nan,nan,nan,nan
0,18,Enabled-3-holders,1,3,big,2097152,64,5.0,30.0,1.0,5,single_host_logical_nodes,6,6.0,7.0,0,0.0,nan,nan,nan,nan
0,18,Enabled-3-holders,1,3,big,2097152,64,5.0,30.0,1.0,5,single_host_logical_nodes,7,7.0,8.0,0,0.0,nan,nan,nan,nan
0,18,Enabled-3-holders,1,3,big,2097152,64,5.0,30.0,1.0,5,single_host_logical_nodes,8,8.0,9.0,0,0.0,nan,nan,nan,nan
0,18,Enabled-3-holders,1,3,big,2097152,64,5.0,30.0,1.0,5,single_host_logical_nodes,9,9.0,10.0,0,0.0,nan,nan,nan,nan
0,18,Enabled-3-holders,1,3,big,2097152,64,5.0,30.0,1.0,5,single_host_logical_nodes,10,10.0,11.0,0,0.0,nan,nan,nan,nan
0,18,Enabled-3-holders,1,3,big,2097152,64,5.0,30.0,1.0,5,single_host_logical_nodes,11,11.0,12.0,0,0.0,nan,nan,nan,nan
0,18,Enabled-3-holders,1,3,big,2097152,64,5.0,30.0,1.0,5,single_host_logical_nodes,12,12.0,13.0,0,0.0,nan,nan,nan,nan
0,18,Enabled-3-holders,1,3,big,2097152,64,5.0,30.0,1.0,5,single_host_logical_nodes,13,13.0,14.0,128,128.0,5305.586210679688,5287.9138465,10316.735130649999,10422.96149245
0,18,Enabled-3-holders,1,3,big,2097152,64,5.0,30.0,1.0,5,single_host_logical_nodes,14,14.0,15.0,173,173.0,369.36835915606935,362.443252,454.0928774,463.03997272
0,18,Enabled-3-holders,1,3,big,2097152,64,5.0,30.0,1.0,5,single_host_logical_nodes,15,15.0,16.0,0,0.0,nan,nan,nan,nan
0,18,Enabled-3-holders,1,3,big,2097152,64,5.0,30.0,1.0,5,single_host_logical_nodes,16,16.0,17.0,0,0.0,nan,nan,nan,nan
0,18,Enabled-3-holders,1,3,big,2097152,64,5.0,30.0,1.0,5,single_host_logical_nodes,17,17.0,18.0,0,0.0,nan,nan,nan,nan
0,18,Enabled-3-holders,1,3,big,2097152,64,5.0,30.0,1.0,5,single_host_logical_nodes,18,18.0,19.0,0,0.0,nan,nan,nan,nan
0,18,Enabled-3-holders,1,3,big,2097152,64,5.0,30.0,1.0,5,single_host_logical_nodes,19,19.0,20.0,0,0.0,nan,nan,nan,nan
0,18,Enabled-3-holders,1,3,big,2097152,64,5.0,30.0,1.0,5,single_host_logical_nodes,20,20.0,21.0,0,0.0,nan,nan,nan,nan
0,18,Enabled-3-holders,1,3,big,2097152,64,5.0,30.0,1.0,5,single_host_logical_nodes,21,21.0,22.0,0,0.0,nan,nan,nan,nan
0,18,Enabled-3-holders,1,3,big,2097152,64,5.0,30.0,1.0,5,single_host_logical_nodes,22,22.0,23.0,0,0.0,nan,nan,nan,nan
0,18,Enabled-3-holders,1,3,big,2097152,64,5.0,30.0,1.0,5,single_host_logical_nodes,23,23.0,24.0,0,0.0,nan,nan,nan,nan
0,18,Enabled-3-holders,1,3,big,2097152,64,5.0,30.0,1.0,5,single_host_logical_nodes,24,24.0,25.0,0,0.0,nan,nan,nan,nan
0,18,Enabled-3-holders,1,3,big,2097152,64,5.0,30.0,1.0,5,single_host_logical_nodes,25,25.0,26.0,140,140.0,4920.008455635714,464.73614399999997,10416.9100278,10419.41045806
0,18,Enabled-3-holders,1,3,big,2097152,64,5.0,30.0,1.0,5,single_host_logical_nodes,26,26.0,27.0,0,0.0,nan,nan,nan,nan
0,18,Enabled-3-holders,1,3,big,2097152,64,5.0,30.0,1.0,5,single_host_logical_nodes,27,27.0,28.0,0,0.0,nan,nan,nan,nan
0,18,Enabled-3-holders,1,3,big,2097152,64,5.0,30.0,1.0,5,single_host_logical_nodes,28,28.0,29.0,0,0.0,nan,nan,nan,nan
0,18,Enabled-3-holders,1,3,big,2097152,64,5.0,30.0,1.0,5,single_host_logical_nodes,29,29.0,30.0,0,0.0,nan,nan,nan,nan
0,19,Enabled-3-holders,1,3,medium,65536,64,5.0,30.0,1.0,5,single_host_logical_nodes,0,0.0,1.0,640,640.0,91.768320421875,89.02906150000001,101.13691255,101.92932114
0,19,Enabled-3-holders,1,3,medium,65536,64,5.0,30.0,1.0,5,single_host_logical_nodes,1,1.0,2.0,704,704.0,90.96404896732955,88.955116,102.70251350000001,106.42274813
0,19,Enabled-3-holders,1,3,medium,65536,64,5.0,30.0,1.0,5,single_host_logical_nodes,2,2.0,3.0,704,704.0,91.86148866335226,90.29927,103.4313582,106.16182797
0,19,Enabled-3-holders,1,3,medium,65536,64,5.0,30.0,1.0,5,single_host_logical_nodes,3,3.0,4.0,704,704.0,92.0877718721591,89.827799,107.9972397,111.99985253000001
0,19,Enabled-3-holders,1,3,medium,65536,64,5.0,30.0,1.0,5,single_host_logical_nodes,4,4.0,5.0,704,704.0,91.52823715056819,90.21917450000001,101.91115260000001,104.60572571
0,19,Enabled-3-holders,1,3,medium,65536,64,5.0,30.0,1.0,5,single_host_logical_nodes,5,5.0,6.0,680,680.0,92.85953631617647,89.571812,108.95547899999998,114.65646952
0,19,Enabled-3-holders,1,3,medium,65536,64,5.0,30.0,1.0,5,single_host_logical_nodes,6,6.0,7.0,703,703.0,91.22685388193457,89.477693,100.0125704,102.11725548
0,19,Enabled-3-holders,1,3,medium,65536,64,5.0,30.0,1.0,5,single_host_logical_nodes,7,7.0,8.0,700,700.0,91.16692786285714,89.403107,101.32661010000001,108.01188164000001
0,19,Enabled-3-holders,1,3,medium,65536,64,5.0,30.0,1.0,5,single_host_logical_nodes,8,8.0,9.0,694,694.0,91.44555952305475,90.6189395,103.83498805,104.39925538
0,19,Enabled-3-holders,1,3,medium,65536,64,5.0,30.0,1.0,5,single_host_logical_nodes,9,9.0,10.0,691,691.0,91.4784870593343,89.297653,109.305768,112.0102857
0,19,Enabled-3-holders,1,3,medium,65536,64,5.0,30.0,1.0,5,single_host_logical_nodes,10,10.0,11.0,692,692.0,92.27744256647398,90.6111025,103.02466189999998,105.3940414
0,19,Enabled-3-holders,1,3,medium,65536,64,5.0,30.0,1.0,5,single_host_logical_nodes,11,11.0,12.0,704,704.0,91.04110326278409,90.253625,101.5701256,107.01358067
0,19,Enabled-3-holders,1,3,medium,65536,64,5.0,30.0,1.0,5,single_host_logical_nodes,12,12.0,13.0,704,704.0,91.37738350142045,89.740669,102.63873505000001,105.01578707000002
0,19,Enabled-3-holders,1,3,medium,65536,64,5.0,30.0,1.0,5,single_host_logical_nodes,13,13.0,14.0,704,704.0,91.84454213636364,91.295691,101.1995233,106.48751402000002
0,19,Enabled-3-holders,1,3,medium,65536,64,5.0,30.0,1.0,5,single_host_logical_nodes,14,14.0,15.0,704,704.0,90.62730189488637,88.938875,101.95014875000001,104.03692973
0,19,Enabled-3-holders,1,3,medium,65536,64,5.0,30.0,1.0,5,single_host_logical_nodes,15,15.0,16.0,677,677.0,94.60718858936485,93.154451,110.47173019999998,114.33333340000001
0,19,Enabled-3-holders,1,3,medium,65536,64,5.0,30.0,1.0,5,single_host_logical_nodes,16,16.0,17.0,695,695.0,91.56193713669064,89.37397,104.6198985,108.7242392
0,19,Enabled-3-holders,1,3,medium,65536,64,5.0,30.0,1.0,5,single_host_logical_nodes,17,17.0,18.0,683,683.0,93.13744976281113,92.650488,105.2901786,111.54827378
0,19,Enabled-3-holders,1,3,medium,65536,64,5.0,30.0,1.0,5,single_host_logical_nodes,18,18.0,19.0,697,697.0,92.81663814490675,92.858606,106.49225559999998,108.60435432
0,19,Enabled-3-holders,1,3,medium,65536,64,5.0,30.0,1.0,5,single_host_logical_nodes,19,19.0,20.0,704,704.0,92.24409702414772,90.40854350000001,102.74034710000001,104.46343602
0,19,Enabled-3-holders,1,3,medium,65536,64,5.0,30.0,1.0,5,single_host_logical_nodes,20,20.0,21.0,704,704.0,91.15270793465909,89.2507865,107.1138085,109.18270514
0,19,Enabled-3-holders,1,3,medium,65536,64,5.0,30.0,1.0,5,single_host_logical_nodes,21,21.0,22.0,704,704.0,91.43841658948863,90.27123850000001,100.28447605,104.600888
0,19,Enabled-3-holders,1,3,medium,65536,64,5.0,30.0,1.0,5,single_host_logical_nodes,22,22.0,23.0,691,691.0,92.41870346743849,88.981362,108.5285545,110.61370240000001
0,19,Enabled-3-holders,1,3,medium,65536,64,5.0,30.0,1.0,5,single_host_logical_nodes,23,23.0,24.0,693,693.0,91.50061931746032,88.589993,105.08500860000001,108.16807092
0,19,Enabled-3-holders,1,3,medium,65536,64,5.0,30.0,1.0,5,single_host_logical_nodes,24,24.0,25.0,694,694.0,91.60751381412105,89.843857,107.97797890000001,109.22341034
0,19,Enabled-3-holders,1,3,medium,65536,64,5.0,30.0,1.0,5,single_host_logical_nodes,25,25.0,26.0,699,699.0,91.18836600715308,89.839345,103.28793110000001,105.51344254
0,19,Enabled-3-holders,1,3,medium,65536,64,5.0,30.0,1.0,5,single_host_logical_nodes,26,26.0,27.0,702,702.0,90.92230174216523,89.65319099999999,106.06816104999999,107.55557887
0,19,Enabled-3-holders,1,3,medium,65536,64,5.0,30.0,1.0,5,single_host_logical_nodes,27,27.0,28.0,681,681.0,92.13126927900146,90.116317,104.056562,109.9411384
0,19,Enabled-3-holders,1,3,medium,65536,64,5.0,30.0,1.0,5,single_host_logical_nodes,28,28.0,29.0,704,704.0,93.97599065909093,93.75796299999999,107.4996881,110.23506927
0,19,Enabled-3-holders,1,3,medium,65536,64,5.0,30.0,1.0,5,single_host_logical_nodes,29,29.0,30.0,693,693.0,93.18691103896103,90.989313,109.1180636,113.08605552
0,20,Enabled-1-holder,1,1,big,2097152,64,5.0,30.0,1.0,5,single_host_logical_nodes,0,0.0,1.0,128,128.0,376.277819109375,353.3565195,460.04956274999995,460.95527696
0,20,Enabled-1-holder,1,1,big,2097152,64,5.0,30.0,1.0,5,single_host_logical_nodes,1,1.0,2.0,192,192.0,343.8290121822917,343.04957149999996,347.75597089999997,357.55664782000036
0,20,Enabled-1-holder,1,1,big,2097152,64,5.0,30.0,1.0,5,single_host_logical_nodes,2,2.0,3.0,79,79.0,342.3694693037975,342.008407,354.1883901,354.45422324000003
0,20,Enabled-1-holder,1,1,big,2097152,64,5.0,30.0,1.0,5,single_host_logical_nodes,3,3.0,4.0,0,0.0,nan,nan,nan,nan
0,20,Enabled-1-holder,1,1,big,2097152,64,5.0,30.0,1.0,5,single_host_logical_nodes,4,4.0,5.0,0,0.0,nan,nan,nan,nan
0,20,Enabled-1-holder,1,1,big,2097152,64,5.0,30.0,1.0,5,single_host_logical_nodes,5,5.0,6.0,0,0.0,nan,nan,nan,nan
0,20,Enabled-1-holder,1,1,big,2097152,64,5.0,30.0,1.0,5,single_host_logical_nodes,6,6.0,7.0,0,0.0,nan,nan,nan,nan
0,20,Enabled-1-holder,1,1,big,2097152,64,5.0,30.0,1.0,5,single_host_logical_nodes,7,7.0,8.0,0,0.0,nan,nan,nan,nan
0,20,Enabled-1-holder,1,1,big,2097152,64,5.0,30.0,1.0,5,single_host_logical_nodes,8,8.0,9.0,0,0.0,nan,nan,nan,nan
0,20,Enabled-1-holder,1,1,big,2097152,64,5.0,30.0,1.0,5,single_host_logical_nodes,9,9.0,10.0,0,0.0,nan,nan,nan,nan
0,20,Enabled-1-holder,1,1,big,2097152,64,5.0,30.0,1.0,5,single_host_logical_nodes,10,10.0,11.0,0,0.0,nan,nan,nan,nan
0,20,Enabled-1-holder,1,1,big,2097152,64,5.0,30.0,1.0,5,single_host_logical_nodes,11,11.0,12.0,0,0.0,nan,nan,nan,nan
0,20,Enabled-1-holder,1,1,big,2097152,64,5.0,30.0,1.0,5,single_host_logical_nodes,12,12.0,13.0,128,128.0,5330.116586726563,5264.5442965,10397.578692,10398.08494472
0,20,Enabled-1-holder,1,1,big,2097152,64,5.0,30.0,1.0,5,single_host_logical_nodes,13,13.0,14.0,192,192.0,344.4782297552083,343.952439,353.5131415,353.67194495
0,20,Enabled-1-holder,1,1,big,2097152,64,5.0,30.0,1.0,5,single_host_logical_nodes,14,14.0,15.0,192,192.0,335.53273701041667,335.033991,339.1559112,339.79653111
0,20,Enabled-1-holder,1,1,big,2097152,64,5.0,30.0,1.0,5,single_host_logical_nodes,15,15.0,16.0,172,172.0,338.7323216976744,337.976187,342.3791202,342.57987814
0,20,Enabled-1-holder,1,1,big,2097152,64,5.0,30.0,1.0,5,single_host_logical_nodes,16,16.0,17.0,180,180.0,337.47712772222224,336.7068035,341.74961149999996,342.09252784
0,20,Enabled-1-holder,1,1,big,2097152,64,5.0,30.0,1.0,5,single_host_logical_nodes,17,17.0,18.0,192,192.0,337.1403067083333,336.1013765,345.85950885,346.51746708999997
0,20,Enabled-1-holder,1,1,big,2097152,64,5.0,30.0,1.0,5,single_host_logical_nodes,18,18.0,19.0,191,191.0,348.8447778219895,342.109999,364.842534,365.1646183
0,20,Enabled-1-holder,1,1,big,2097152,64,5.0,30.0,1.0,5,single_host_logical_nodes,19,19.0,20.0,192,192.0,330.88297026562503,330.8208715,333.47847279999996,333.84402728
0,20,Enabled-1-holder,1,1,big,2097152,64,5.0,30.0,1.0,5,single_host_logical_nodes,20,20.0,21.0,192,192.0,332.610853703125,330.680452,341.48341874999994,341.69700624999996
0,20,Enabled-1-holder,1,1,big,2097152,64,5.0,30.0,1.0,5,single_host_logical_nodes,21,21.0,22.0,192,192.0,335.49166452083335,335.78349149999997,340.29109715000004,340.46560880000004
0,20,Enabled-1-holder,1,1,big,2097152,64,5.0,30.0,1.0,5,single_host_logical_nodes,22,22.0,23.0,192,192.0,338.153397046875,339.119721,343.92207885,344.33023298
0,20,Enabled-1-holder,1,1,big,2097152,64,5.0,30.0,1.0,5,single_host_logical_nodes,23,23.0,24.0,191,191.0,341.3182926125655,340.657207,347.7315955,348.2159083
0,20,Enabled-1-holder,1,1,big,2097152,64,5.0,30.0,1.0,5,single_host_logical_nodes,24,24.0,25.0,187,187.0,335.128642828877,335.37296,337.4689651,338.39251874
0,20,Enabled-1-holder,1,1,big,2097152,64,5.0,30.0,1.0,5,single_host_logical_nodes,25,25.0,26.0,170,170.0,337.6257949411765,337.64921000000004,342.62024859999997,344.53460405
0,20,Enabled-1-holder,1,1,big,2097152,64,5.0,30.0,1.0,5,single_host_logical_nodes,26,26.0,27.0,190,190.0,336.36107880000003,334.7399345,346.95082115,347.27039519999994
0,20,Enabled-1-holder,1,1,big,2097152,64,5.0,30.0,1.0,5,single_host_logical_nodes,27,27.0,28.0,191,191.0,337.41211880104714,335.998676,347.4592445,348.02423200000004
0,20,Enabled-1-holder,1,1,big,2097152,64,5.0,30.0,1.0,5,single_host_logical_nodes,28,28.0,29.0,192,192.0,338.32080899479166,328.735256,377.38527245,378.4459362
0,20,Enabled-1-holder,1,1,big,2097152,64,5.0,30.0,1.0,5,single_host_logical_nodes,29,29.0,30.0,194,194.0,326.63605915463916,324.34133799999995,342.77073405,343.93699304
